index_label,Ionization Potential,Electronegativity,Number of d electrons,ZIF or MOF Derived,Polymer Derived,Carbon Nanofiber/Nanotubes,Biomass or other Organic Derived,Main Transition Metal Content (wt. %),Nitrogen Cotent (wt. %),Metal-N Coordination Number (XAS),Pyridinic N Ratio,Pyrrolic N Ratio,Raman ID/IG Ratio,BET Surface Area (m2/g),Pyrolysis Temperature (°C),Pyrolysis Time (h),Rising Rate (°C min-1),Electrolyte Concentration (M),Catalyst Loading (mg cm-2),Nafion Membrane Thickness (μm),Carbon Paper/Glassy Carbon,Electrolyte pH,ovpCL
535,7.61,1.91,8,0,0,0,0,0.86,5.03,3.4,30.59753546,46.43106254,0.97,1009.2,1000,1.0,7.677760104,0.1,0.833,177.8,1,6.8,1
444,7.61,1.91,8,0,1,0,0,3.01,2.58,4.0,31.78294574,10.07751938,0.992,628.0,800,2.5,5.0,0.1,1.0,177.8,1,6.8,2
266,7.83,1.83,6,1,0,0,0,0.16,10.1,4.0,63.862496,16.90776129,1.03,678.2,950,2.0,4.212221209,0.5,1.0,177.8,1,7.2,0
459,0.0,0.0,0,0,0,0,0,0.0,3.13531,0.0,39.67709732,26.00125665,0.99,726.0,600,0.5,1.0,0.1,0.8,177.8,1,6.8,0
472,7.61,1.91,8,0,0,1,0,2.723524824,6.306607453,4.0,42.32,15.78,1.02,314.4,900,2.0,2.0,0.5,0.2,177.8,0,7.3,1
214,7.61,1.91,8,0,0,1,0,7.18,5.727205076,4.0,48.90811356,16.67226608,1.022260723,620.4287328,1000,2.0,5.0,0.5,0.8,177.8,1,7.2,1
548,7.83,1.83,6,0,0,0,0,1.64,4.404474377,4.0,26.98,18.46,1.034,808.3604164,1000,2.0,5.0,0.5,1.0,177.8,1,7.2,0
293,7.61,1.91,8,0,1,0,0,5.0,4.890768374,4.0,44.54040716,0.0,1.289380073,791.9699768,750,2.0,3.0,0.1,0.2,177.8,0,6.8,1
259,7.61,1.91,8,0,1,0,0,0.472082045,1.139508384,2.4,37.05744431,34.75967175,1.080572645,133.0,1200,3.0,4.205737598,0.1,0.719709098,177.8,1,6.8,1
84,0.0,0.0,0,1,0,0,0,0.0,2.776728994,0.0,36.79,0.0,0.98,768.0,1100,1.0,6.060807798,0.1,0.6,127.0,1,6.8,1
62,7.83,1.83,6,0,0,0,0,2.157810922,4.935546221,4.0,37.2,21.4,0.99,570.0001165,800,2.0,2.0,0.5,2.5,177.8,1,7.65,0
8,7.83,1.83,6,0,0,0,0,3.03,6.216885976,5.0,45.44372138,22.08075383,1.128950691,693.1074976,25,24.0,2.0,0.2,0.3,177.8,1,7.0,0
298,7.37,1.96,10,0,1,0,0,1.54839972,1.380985766,4.0,0.0,0.0,1.159866736,598.1531838,1100,2.0,3.0,0.1,0.325,177.8,1,6.8,1
132,7.83,1.83,6,0,0,0,0,1.54,4.131825665,4.4,45.55386289,16.88139282,1.05,1059.0,800,2.0,5.0,0.5,2.0,127.0,1,7.2,0
234,7.69,1.9,10,0,0,0,0,0.27,5.705748408,4.0,35.23523524,34.63463463,1.0232491,712.0,975,0.75,5.382588801,0.1,0.4,177.8,0,7.5,1
181,7.61,1.91,8,0,0,1,0,22.7,18.7,11.0,35.30510585,0.0,1.111397685,436.7824417,400,1.0,5.0,0.5,1.0,177.8,1,7.2,0
471,7.61,1.91,8,0,0,1,0,3.727039057,8.184439847,4.0,47.8,14.82,0.96,333.9,800,2.0,2.0,0.5,0.2,177.8,0,7.3,1
119,7.61,1.91,8,0,0,0,1,1.2,6.858753905,4.0,34.61342396,14.46049278,1.15682429,455.6586426,900,2.0,3.0,0.5,0.2,177.8,1,7.2,0
65,7.61,1.91,8,1,0,0,0,3.22,3.912861367,3.2,18.3,11.21,0.958405613,593.4888966,1000,3.0,10.0,0.1,0.608025058,127.0,0,6.8,0
115,6.5,1.22,1,1,0,0,0,0.38,9.169199268,3.0,43.28159645,5.554323725,1.109810731,925.89,1000,2.0,10.0,0.5,0.8,127.0,1,7.2,0
537,7.61,1.91,8,0,0,0,0,32.03,5.94,7.1,39.73561431,46.98289269,0.93,435.9,1000,1.0,10.6608795,0.1,0.833,177.8,1,6.8,1
173,7.61,1.91,8,0,0,0,0,2.181540012,10.18967142,2.0,53.31096592,20.71340279,1.119395763,406.0,900,2.0,3.0,0.5,0.1,177.8,0,7.3,1
391,0.0,0.0,0,1,0,0,0,0.0,11.8797625,0.0,46.8486813,30.20721968,1.04,475.0,900,3.0,5.0,0.1,0.4,177.8,1,6.8,1
54,7.61,1.91,8,0,0,0,0,0.24,3.686837297,4.0,19.87,17.74,1.081130909,680.0,1000,1.0,4.879027022,0.5,0.5,177.8,0,7.2,1
167,7.61,1.91,8,0,0,0,0,2.08994,19.38522,3.6,63.54886542,27.25652703,1.07,422.6,800,2.0,10.0,0.5,0.2,127.0,1,7.2,1
610,7.69,1.9,10,0,0,0,1,5.05,13.84875211,4.1,52.20078666,24.55516014,1.068665599,601.6931657,700,2.0,5.0,0.5,1.0,177.8,1,7.3,0
567,7.83,1.83,6,0,0,0,0,3.0,3.0,4.0,38.7,8.0,1.118621251,430.1,900,2.0,5.0,0.5,1.0,127.0,0,7.2,0
279,7.69,1.9,10,0,0,0,0,1.4,4.776087741,3.7,16.70945418,20.57149235,1.124477534,673.0,900,1.0,5.0,0.1,0.5,177.8,0,6.8,0
450,0.0,0.0,0,0,1,0,0,0.0,2.56,0.0,34.765625,14.453125,1.008,832.0,900,2.0,5.0,0.1,0.5,177.8,1,6.8,1
425,7.83,1.83,6,1,0,0,0,4.58,8.93,4.0,36.54,36.17,1.0,1164.6,900,3.0,5.0,0.5,0.4,127.0,1,7.3,0
123,7.61,1.91,8,1,0,0,0,0.97,7.13340806,4.0,45.7,43.8,0.97,631.0987364,1000,1.0,7.289453898,0.5,0.5,177.8,0,7.2,1
118,7.81,1.88,7,0,0,0,1,1.2,6.572115238,4.0,35.546875,13.21022727,1.162309929,538.8921143,900,2.0,3.0,0.5,0.2,177.8,1,7.2,1
622,7.83,1.83,6,1,0,0,0,0.2,2.9,4.0,44.40184049,18.70398773,1.024,360.1,1000,3.0,3.538486409,1.0,1.0,177.8,1,8.8,1
302,7.61,1.91,8,1,0,0,0,1.019820972,4.587595908,4.3,47.85214785,26.67332667,0.967502515,223.0,1050,1.0,6.741439037,0.1,0.8,177.8,0,6.7,0
117,7.61,1.91,8,0,0,0,1,0.6,7.353218675,4.0,40.16881502,5.69259962,1.152836552,394.137751,900,2.0,3.0,0.5,0.2,177.8,1,7.2,0
492,7.83,1.83,6,0,0,0,1,4.100807592,6.159067341,12.0,36.50793651,27.24867725,1.24,591.6938944,900,2.0,5.0,0.1,0.4,177.8,0,6.8,0
593,7.83,1.83,6,0,0,1,0,7.207207207,15.05791506,4.0,36.22,56.65,1.04,612.94,800,2.0,5.950476851,0.5,1.0,177.8,0,7.2,0
346,0.0,0.0,0,0,0,1,1,0.0,9.40005886,0.0,58.03723599,31.00554441,1.06153799,123.4,550,4.0,3.0,0.1,0.5,177.8,1,6.8,1
248,7.61,1.91,8,0,0,0,0,4.43,3.2,3.5,63.22647272,23.95245106,1.686755979,1564.0,650,2.0,10.0,0.5,2.0,177.8,1,7.2,1
434,0.0,0.0,0,0,0,0,0,0.0,9.499203168,0.0,48.1,27.5,0.89,957.0,900,2.0,5.0,0.1,1.0,177.8,0,6.8,0
43,7.69,1.9,10,0,0,0,1,4.17,5.1,12.0,39.65,46.81,0.98,40.1,900,1.0,5.0,0.1,0.8,50.0,1,6.8,0
99,7.61,1.91,8,1,0,0,0,1.89,7.738822745,3.8,48.59098229,30.07246377,1.280831575,1202.0,1000,2.0,5.0,0.5,0.8,177.8,1,7.2,1
509,7.69,1.9,10,0,1,0,0,1.055565635,1.974237601,4.0,55.0,19.0,2.92,1213.553672,800,3.0,5.0,0.5,1.771739035,177.8,0,7.2,1
203,7.83,1.83,6,0,1,0,0,2.59081336,3.712426963,4.0,24.0,14.0,0.99,103.4,950,0.0,10.0,0.1,1.0,127.0,0,6.8,0
584,7.61,1.91,8,0,0,0,1,4.8,7.9,4.0,54.0,20.0,1.12,709.5907472,900,2.132033779,4.94539236,0.5,1.0,127.0,1,7.2,1
484,0.0,0.0,0,1,0,0,0,0.0,11.2415071,0.0,54.4189648,21.24721642,1.0,1347.0,900,4.0,2.0,0.1,4.0,177.8,1,6.8,2
543,7.83,1.83,6,0,0,0,0,0.71,10.6,3.8,40.14181,11.84868,1.28,279.0,900,2.0,2.0,0.1,1.0,177.8,1,6.8,1
321,0.0,0.0,0,1,0,0,0,0.0,9.448780248,0.0,43.00237208,40.32531345,1.03086179,723.0,900,2.0,5.0,0.5,1.0,177.8,1,7.2,1
196,7.83,1.83,6,1,0,0,0,1.5,5.201444974,4.0,60.53738273,21.3349514,0.895621966,549.5965678,1050,1.0,8.494776994,0.5,1.0,177.8,1,7.2,0
502,7.83,1.83,6,0,0,1,0,1.663482073,4.540856468,12.0,46.83,9.04,1.21,545.5,750,2.0,3.0,0.5,0.3,177.8,0,7.3,1
480,0.0,0.0,0,0,0,0,0,0.0,4.465892361,0.0,33.33333333,33.33333333,1.181401152,1494.0,950,0.5,10.0,0.1,5.0,177.8,0,6.8,1
67,7.61,1.91,8,1,0,0,0,13.12,15.61466589,12.0,46.79,27.52,1.067054256,377.842248,1000,2.0,5.0,0.5,0.737172073,177.8,1,7.0,1
650,7.81,1.88,7,0,0,0,0,0.011,4.709943213,3.6,44.74,34.78,1.024677865,24.0,500,1.0,5.0,0.5,0.7,177.8,0,7.2,0
551,7.69,1.9,10,1,0,0,0,1.02,7.888918341,3.9,55.34003831,0.0,1.09,887.8015291,900,3.0,5.0,0.1,1.0,177.8,1,6.8,1
520,0.0,0.0,0,0,1,0,0,0.0,2.925569382,0.0,22.86123,21.34389,0.972891413,650.8618446,800,2.0,5.0,0.5,0.392588488,177.8,1,6.8,0
287,7.83,1.83,6,1,0,0,0,0.64,10.15,4.0,61.49936468,19.69504447,0.94,705.0,900,4.0,3.0,1.0,2.0,127.0,1,8.8,0
419,0.0,0.0,0,1,0,0,0,0.0,4.3,0.0,27.18894009,12.67281106,1.227,686.0,900,2.0,5.0,0.1,0.5,177.8,0,6.8,1
263,7.61,1.91,8,0,0,0,0,1.65,4.682281347,4.0,35.53190938,8.768789286,1.009520503,334.9,900,3.0,5.0,0.5,0.25,127.0,1,7.2,1
616,7.61,1.91,8,0,0,0,0,1.410734555,1.362088536,4.0,62.47765463,20.96889524,0.944578467,513.8919597,800,1.0,10.0,0.5,1.0,177.8,1,7.3,1
327,7.69,1.9,10,1,0,0,0,2.44,19.50980251,3.0,80.88,10.72,1.42,802.7,800,3.0,5.0,0.1,1.5,127.0,1,6.8,1
505,0.0,0.0,0,0,0,1,0,0.0,7.852381727,0.0,9.8,55.9,0.63,473.9422623,1060,1.730116869,7.920847189,0.1,1.41035047,177.8,1,6.8,0
626,7.81,1.88,7,0,0,0,0,1.6,5.051205294,4.0,42.3580786,10.91703057,1.02,779.0,900,3.0,3.0,0.1,0.2,177.8,1,6.8,1
615,0.0,0.0,0,0,1,0,0,0.0,4.506810252,0.0,16.5,3.94,1.02,160.0,1000,1.0,1.0,0.5,4.0,177.8,1,7.3,0
5,7.69,1.9,10,1,0,0,0,1.43,4.82,4.0,49.51,17.07,0.94,459.0,800,2.0,5.333,0.5,0.3,127.0,1,7.2,0
658,7.61,1.91,8,0,1,0,0,0.46,3.05,4.13,29.47316941,10.28352081,1.03,614.0,1000,4.0,3.69362502,0.5,0.217391304,177.8,1,7.3,1
332,7.83,1.83,6,0,0,0,1,1.2,3.38488143,4.7,17.88255664,14.97286683,1.38,769.603795,1000,1.0,5.0,0.1,0.2,177.8,0,6.8,0
330,7.69,1.9,10,1,0,0,0,1.98,4.813460132,4.0,37.42,16.83,1.1,1347.1,1100,3.0,5.0,0.1,1.5,127.0,1,6.8,1
322,7.61,1.91,8,1,0,0,0,3.882317736,8.665522184,4.1,47.6723306,25.60497416,1.047210139,741.0,900,2.0,5.0,0.5,1.0,177.8,1,7.2,2
475,0.0,0.0,0,0,0,0,1,0.0,12.59,0.0,43.0,0.0,1.11,126.0,900,1.0,2.596581592,0.1,0.8,127.0,1,6.8,1
291,7.83,1.83,6,0,0,0,0,0.931278099,4.046242775,3.8,49.5,36.9,0.948667068,199.25331,900,1.0,30.0,0.1,0.75,50.0,0,6.8,0
400,0.0,0.0,0,1,0,0,0,0.0,1.53,0.0,41.44736842,39.47368421,0.97,1679.5,1000,1.0,2.0,0.5,0.1,127.0,1,7.2,0
481,0.0,0.0,0,0,0,0,0,0.0,4.149895473,0.0,34.21052632,32.89473684,1.189310958,1440.0,950,0.5,10.0,0.1,5.0,177.8,0,6.8,1
488,7.83,1.83,6,0,0,0,0,0.8,5.5,4.0,50.7,13.3,1.41,525.9,900,2.0,5.0,0.1,0.57,50.8,0,6.8,0
231,7.83,1.83,6,0,0,0,0,0.33,4.903229477,4.0,38.8,28.9,0.953101416,448.0,975,0.75,10.41664716,0.1,0.4,177.8,0,7.5,0
180,7.61,1.91,8,0,0,1,0,22.7,18.7,3.8,76.27180233,0.0,1.055160095,377.4954524,800,1.0,5.0,0.5,1.0,177.8,1,7.2,1
448,0.0,0.0,0,0,1,0,0,0.0,3.35,0.0,18.50746269,4.47761194,0.969,1013.0,1000,2.0,5.0,0.1,0.5,177.8,1,6.8,1
131,7.4,1.55,5,0,0,0,0,0.14,3.9,3.9,24.51493167,17.60587144,1.117249205,452.0,900,1.0,3.0,0.5,0.5,177.8,1,7.2,1
411,7.83,1.83,6,1,0,0,0,1.02,4.69,4.0,56.50319829,22.17484009,0.99,1162.0,900,2.0,3.0,1.0,2.0,127.0,1,8.8,0
422,0.0,0.0,0,0,0,0,0,0.0,5.0,0.0,37.2596312,13.93864977,0.89,85.0,800,4.0,3.844980394,0.5,0.649841032,177.8,0,7.3,1
447,0.0,0.0,0,0,1,0,0,0.0,4.52,0.0,36.28318584,11.28318584,0.959,1511.0,900,2.0,5.0,0.1,0.5,177.8,1,6.8,1
623,9.5,2.55,0,0,0,0,0,1.31,3.8,4.2,26.65463297,0.0,1.01280346,645.0,1000,1.0,5.0,0.1,1.0,177.8,1,6.8,0
601,7.61,1.91,8,0,0,0,0,0.244,2.27,3.9,61.23348018,26.43171806,1.0,1515.0,1000,1.0,5.0,0.1,1.0,25.0,1,8.0,1
247,7.61,1.91,8,0,0,0,0,3.95,4.8,3.5,63.22647272,23.95245106,1.67643275,1564.0,650,2.0,10.0,0.5,2.0,177.8,1,7.2,1
264,7.83,1.83,6,1,0,0,0,0.11,8.01,4.0,68.15028581,11.16044176,1.04,347.2,950,2.0,4.269489743,0.5,1.0,177.8,1,7.2,0
164,7.69,1.9,10,0,0,0,0,1.14,7.827835615,4.0,50.80418936,22.95276944,1.042396734,409.8343894,800,2.0,5.0,0.1,0.5,177.8,1,6.8,0
566,7.83,1.83,6,0,0,0,0,3.9,3.9,4.0,44.4,4.7,1.117339337,579.5,900,2.0,5.0,0.5,1.0,127.0,0,7.2,0
435,0.0,0.0,0,0,0,0,0,0.0,9.046276646,0.0,44.1,29.9,0.89,899.0,900,2.0,5.0,0.1,1.0,177.8,0,6.8,0
406,0.0,0.0,0,0,0,0,1,0.0,4.68,0.0,17.46724891,14.41048035,1.063640768,235.8,700,2.62593957,3.692051069,0.5,0.2,177.8,1,7.3,0
55,7.61,1.91,8,0,0,0,0,1.08,5.762991436,3.7,12.94,24.29,1.01,405.6,800,3.0,5.0,0.5,0.5,127.0,1,7.2,1
283,7.83,1.83,6,1,0,0,0,2.04,9.51,4.0,72.55520505,18.29652997,1.02,724.2,900,4.0,3.0,1.0,2.0,127.0,1,8.8,0
45,7.61,1.91,8,1,0,0,0,1.53,4.674202544,3.2,34.77,8.53,0.98,720.7898989,1000,2.0,10.0,0.5,0.2,127.0,1,7.2,2
644,7.81,1.88,7,0,0,0,0,2.15,1.03,8.0,26.11650485,3.203883495,1.07,308.4339694,900,2.5,5.0,0.1,0.729393284,177.8,1,6.8,1
361,7.83,1.83,6,0,1,0,0,2.6,3.825766306,4.0,25.0,19.0,1.08,639.0,900,3.0,3.870799424,0.1,0.2,127.0,1,6.8,0
256,7.61,1.91,8,0,1,0,0,1.392,2.8,2.2,16.37870651,26.02148027,1.045503428,242.0,900,3.0,4.241535237,0.1,0.676186133,177.8,1,6.8,1
251,7.61,1.91,8,0,0,1,0,23.0,17.3,3.8,68.41995036,23.90219237,0.91970594,286.0295932,700,3.0,5.0,0.5,1.0,177.8,1,7.2,1
642,7.61,1.91,8,0,0,0,0,0.15,5.005154666,2.552,42.39715965,0.0,1.01,549.520729,900,1.725938974,4.935307124,0.1,0.5,177.8,1,6.8,1
455,0.0,0.0,0,0,0,1,0,0.0,4.9,0.0,22.51481752,6.498751939,0.78,749.30033,850,1.550922805,7.111327689,0.1,0.5,50.0,1,6.8,2
17,7.61,1.91,8,0,0,0,0,0.59,5.33,4.0,33.2,10.1,1.05,757.0,800,5.0,2.0,0.5,0.255,177.8,0,7.2,1
561,7.83,1.83,6,0,0,0,0,1.35,8.678522853,12.0,34.19630615,16.82393741,1.07287687,286.3,900,1.0,6.536066084,0.5,1.0,127.0,0,7.2,0
310,7.61,1.91,8,1,0,0,0,5.32,7.674559146,3.83,54.4,16.7,1.065863632,914.801657,1000,3.0,5.0,0.5,3.0,177.8,1,7.33,1
39,7.81,1.88,7,1,0,0,0,0.25,15.8146,2.2,54.51531953,24.36164919,1.083012286,651.3157736,1000,3.0,5.0,0.5,0.8,127.0,1,6.8,1
557,7.83,1.83,6,0,0,0,0,1.33,7.46479067,4.0,44.97,10.46,1.076426567,364.5,900,1.0,5.852921608,0.5,1.0,127.0,0,7.2,0
143,7.69,1.9,10,0,0,0,0,2.1,3.79,4.0,43.4,25.8,1.028404816,326.1994934,900,0.0125,5.900555195,0.1,0.3,177.8,0,6.8,1
88,9.35,1.65,10,0,0,0,0,1.640685336,6.067461187,3.58418,54.5112782,31.43072176,0.79,647.2984663,800,1.0,8.928576743,0.5,2.0,177.8,1,7.2,0
109,7.83,1.83,6,1,0,0,0,0.51,4.09,3.0,32.18673219,21.86732187,1.129001937,1298.0,1000,2.0,5.285144231,0.5,1.0,177.8,1,7.2,0
301,7.81,1.88,7,1,0,0,0,1.098371712,4.833477856,3.8,49.4,30.0,0.975127727,283.0,1050,1.0,6.432833635,0.1,0.8,177.8,0,6.7,0
595,7.69,1.9,10,0,0,0,0,4.7,6.24011097,4.0,44.78981241,39.10036971,1.267342709,530.2670537,900,1.0,3.0,0.1,0.346793441,177.8,0,6.8,1
185,7.61,1.91,8,1,0,0,0,2.07,7.29,2.7,53.6351166,29.76680384,1.03488809,923.0,1000,4.0,3.0,1.0,2.0,127.0,1,8.8,1
437,0.0,0.0,0,0,0,0,0,0.0,9.046276646,0.0,44.1,29.9,0.89,899.0,900,2.0,5.0,0.1,0.5,177.8,0,6.8,0
474,0.0,0.0,0,0,0,0,1,0.0,4.071082391,0.0,26.7,61.4,0.99,1269.0,700,1.5,4.0,0.5,0.07,177.8,0,7.2,1
139,0.0,0.0,0,0,0,0,1,0.0,7.440956733,0.0,29.78993536,48.59187442,0.98,200.0,900,1.0,3.0,0.5,0.1,177.8,1,7.2,0
479,7.61,1.91,8,0,1,0,0,2.9,3.953571223,3.6,31.28190584,25.68065797,1.01,265.0,900,2.0,3.982585154,0.5,1.0,177.8,1,7.3,1
190,7.61,1.91,8,1,0,0,0,5.44,10.35,2.4,53.71980676,29.75845411,1.060208987,871.0,1000,4.0,3.0,1.0,0.088,127.0,1,8.8,1
103,0.0,0.0,0,1,0,0,0,0.0,5.41,0.0,42.51386322,11.46025878,1.008561022,623.2403505,1000,2.0,4.914007434,0.5,1.0,177.8,1,7.2,0
232,7.81,1.88,7,0,0,0,0,0.37,4.703854065,4.0,38.5,31.5,1.019225421,660.0,975,0.75,5.821192682,0.1,0.4,177.8,0,7.5,0
389,7.69,1.9,10,1,0,0,0,1.4,6.394900491,4.0,46.83293657,36.57863706,0.983265349,653.9103078,1050,1.0,5.0,0.1,2.0,177.8,1,6.8,0
206,7.83,1.83,6,0,1,0,0,1.458713195,2.291780881,8.0,29.5,5.5,1.099537009,480.5,950,0.667,10.0,0.1,1.0,127.0,0,6.8,0
575,7.61,1.91,8,0,0,0,0,5.92,16.88,4.3,19.21556704,23.90290869,1.01,298.0,900,1.0,2.5,0.5,0.5,177.8,1,7.3,1
416,0.0,0.0,0,0,0,0,0,0.0,6.5261,0.0,63.22550988,24.64320191,0.79,522.9401204,800,1.0,9.495162912,0.1,0.4,177.8,1,6.8,0
171,7.61,1.91,8,0,0,0,0,5.0164692,3.699912124,4.0,41.26935925,23.53477073,1.052093871,250.0,900,2.0,3.0,0.5,0.1,177.8,0,7.3,1
599,7.61,1.91,8,0,0,1,0,5.744624203,5.349955365,4.0,56.65582,33.72075,1.169174915,695.8306577,600,0.5,2.0,0.5,0.618533518,127.0,1,7.2,1
370,0.0,0.0,0,0,0,1,0,0.0,0.98,0.0,79.6,20.4,0.744,543.6023474,300,3.0,5.0,0.5,0.3537,177.8,0,7.3,1
275,0.0,0.0,0,0,0,0,0,0.0,1.83089,0.0,29.41815466,39.45617489,2.8,327.0,700,3.0,3.135616437,0.5,0.589,177.8,0,7.5,2
473,7.61,1.91,8,0,0,1,0,2.099893798,3.908537959,4.0,33.54,6.66,1.03,369.4,1000,2.0,2.0,0.5,0.2,177.8,0,7.3,1
603,7.61,1.91,8,0,0,0,0,0.121,3.03,4.2,57.42574257,27.06270627,1.04,1585.0,1000,1.0,5.0,0.1,1.0,25.0,1,8.0,0
399,7.69,1.9,10,1,0,0,0,0.51,3.15,3.0,50.0,42.99363057,0.98,1075.0,1000,1.0,2.0,0.5,0.1,127.0,1,7.2,0
38,7.81,1.88,7,1,0,0,0,0.63,9.029628337,4.0,43.16,27.81,0.91,731.7803518,900,3.0,5.220839802,0.1,2.0,127.0,1,6.8,1
531,7.83,1.83,6,0,0,0,0,0.36,7.89,3.95,53.3,15.1,1.28,469.3659072,900,2.0,3.230077741,0.1,0.746364288,177.8,1,6.8,0
382,0.0,0.0,0,0,0,1,0,0.0,9.52,0.0,25.1,47.5,0.47,246.0,800,1.0,9.689099831,0.1,2.0,177.8,1,6.8,1
386,0.0,0.0,0,0,0,1,0,0.0,9.61,0.0,27.5,45.4,0.58,255.0,800,1.0,9.517779536,0.1,2.0,177.8,1,6.8,0
16,7.61,1.91,8,0,0,0,0,0.44,6.28,4.0,32.9,8.9,1.05,924.0,800,5.0,2.0,0.5,0.255,177.8,0,7.2,1
304,9.35,1.65,10,1,0,0,0,2.77294826,5.070993915,4.1,50.14985015,26.47352647,1.024666886,233.0,1050,1.0,5.662779782,0.1,0.8,177.8,0,6.7,0
189,7.61,1.91,8,1,0,0,0,5.03,10.75,2.7,63.34883721,21.30232558,0.998882312,775.0,900,4.0,3.0,1.0,2.0,127.0,1,8.8,1
94,7.83,1.83,6,1,0,0,0,2.358814426,4.95598705,4.4,41.42857143,13.98221931,0.93,622.18399,900,1.0,10.0,0.1,0.4,127.0,1,6.8,0
83,7.61,1.91,8,0,0,0,0,6.9,8.424053575,2.0,47.52570273,39.00275896,2.57,442.8072677,800,1.0,2.679615136,0.5,0.5,177.8,1,7.2,1
281,7.83,1.83,6,1,0,0,0,1.78,6.91,4.0,56.43994211,25.03617945,1.05,817.7,900,4.0,3.0,1.0,2.0,127.0,1,8.8,0
169,7.61,1.91,8,0,0,0,0,0.37599,6.40078,3.9,45.22917583,26.82011353,0.94,814.3,1000,2.0,10.0,0.5,0.2,127.0,1,7.2,1
564,7.83,1.83,6,0,0,0,0,2.7,2.7,4.0,44.4,4.7,1.11747328,561.273538,900,2.0,5.0,0.5,1.0,127.0,0,7.2,0
478,0.0,0.0,0,0,0,0,1,0.0,7.22,0.0,45.0,0.0,1.17,119.0,1000,1.0,2.873079387,0.1,0.8,127.0,1,6.8,0
7,7.81,1.88,7,0,0,0,0,3.54,5.382165047,5.0,20.901,41.239,1.279560547,568.0,25,24.0,2.0,0.2,0.3,177.8,1,7.0,1
541,0.0,0.0,0,0,0,0,0,0.0,10.8,0.0,38.54599,11.12816,1.176213884,258.0,900,2.0,2.0,0.1,1.0,177.8,1,6.8,1
313,7.83,1.83,6,0,0,1,0,2.5,1.63,4.7,67.0,16.0,1.002570836,140.0,900,1.0,6.890985324,0.1,0.8,127.0,1,6.8,1
609,7.83,1.83,6,0,0,0,1,5.49,19.35840708,4.1,50.44396448,34.38924886,1.032048126,472.9299384,700,2.0,5.0,0.5,1.0,177.8,1,7.3,0
583,7.83,1.83,6,0,0,0,1,4.7,6.7,4.0,56.0,20.0,1.1,825.7289563,900,1.967713969,4.933231485,0.5,1.0,127.0,1,7.2,0
621,7.83,1.83,6,1,0,0,0,0.2,2.9,4.0,44.40184049,18.70398773,1.024,360.1,1000,3.0,3.71892041,0.5,1.0,177.8,1,7.2,0
445,7.61,1.91,8,0,1,0,0,2.72,1.71,4.0,24.56140351,11.11111111,0.847,732.0,800,2.5,5.0,0.1,1.0,177.8,1,6.8,1
47,7.61,1.91,8,0,0,0,0,2.013,7.33,4.0,54.27159929,19.15167018,1.106360812,579.8235931,750,3.0,4.308834122,0.5,1.0,177.8,1,7.2,1
20,7.61,1.91,8,0,0,0,0,0.31,4.63,4.0,25.3,10.8,1.01,1068.0,800,5.0,2.0,0.5,0.255,177.8,0,7.2,1
486,7.83,1.83,6,1,0,0,0,0.856793146,10.70991432,4.4,52.17496108,27.93663213,1.01,1050.0,900,4.0,2.0,0.5,4.0,177.8,1,7.3,1
384,0.0,0.0,0,0,0,1,0,0.0,9.33,0.0,27.1,46.1,0.52,241.0,800,1.0,9.551519057,0.1,2.0,177.8,1,6.8,0
476,0.0,0.0,0,0,0,0,1,0.0,20.02,0.0,55.0,0.0,1.28,90.0,800,1.0,2.09677988,0.1,0.8,127.0,1,6.8,0
286,7.83,1.83,6,1,0,0,0,0.27,10.15,4.0,59.21938089,20.86137281,0.94,705.0,900,4.0,3.0,1.0,2.0,127.0,1,8.8,0
442,7.61,1.91,8,0,0,0,0,2.502516899,5.268708951,4.0,27.47252747,33.66633367,0.88,665.1,900,2.0,5.0,0.1,0.5,177.8,1,6.8,1
307,7.81,1.88,7,1,0,0,0,0.9,7.692344328,3.8,34.57403924,45.43133566,1.04,692.0,900,2.0,3.0,0.1,0.32,177.8,0,6.8,0
49,7.69,1.9,10,0,0,0,0,2.221241379,7.33,4.0,47.94932106,22.75102442,1.109533618,438.1264455,750,3.0,4.097252344,0.5,0.2,177.8,0,7.2,0
513,0.0,0.0,0,0,0,0,0,0.0,5.163621961,0.0,33.23,32.31,1.03,1000.0,910,3.0,2.0,1.0,1.0,177.8,1,8.8,0
408,0.0,0.0,0,0,0,0,1,0.0,5.79,0.0,12.4567474,12.28373702,1.150718778,235.8,600,2.707791927,3.964763627,0.5,0.2,177.8,1,7.3,0
376,0.0,0.0,0,0,0,1,0,0.0,8.26,0.0,41.8,0.0,0.91,546.0,900,0.985984464,9.148714324,0.1,5.0,177.8,1,6.8,1
632,7.83,1.83,6,0,1,0,0,2.025858001,4.954544025,4.0,37.2,21.4,0.99,632.92808,800,2.0,2.0,0.5,2.5,177.8,1,7.2,0
225,7.61,1.91,8,0,0,0,1,2.83,11.88,4.0,50.67340067,0.0,1.174275937,376.820706,900,1.0,3.0,0.1,0.3,127.0,1,6.8,1
253,7.61,1.91,8,0,0,1,0,35.2,11.3,3.8,68.86919124,15.43830447,0.910013571,341.2798235,900,3.0,5.0,0.5,1.0,177.8,1,7.2,1
199,7.83,1.83,6,1,0,0,0,3.0,6.076013742,4.0,50.83452392,22.94624743,1.019157322,787.0830979,1050,1.0,5.423406683,0.5,1.0,177.8,1,7.2,0
51,0.0,0.0,0,0,0,0,0,0.0,2.792052919,0.0,20.83,11.16,0.920854031,807.0,1000,1.0,7.527151868,0.5,0.5,177.8,0,7.2,0
415,0.0,0.0,0,0,0,0,0,0.0,6.28641,0.0,50.65180286,35.36454033,0.75,572.7873996,700,1.0,8.855748061,0.1,0.4,177.8,1,6.8,1
223,9.35,1.65,10,0,0,0,0,0.1,0.77,4.0,71.42857143,18.18181818,3.11,1402.4,1000,1.0,9.020795147,0.5,1.0,177.8,1,7.2,0
356,7.83,1.83,6,1,0,0,0,1.89,4.5,4.0,36.53056966,17.15239619,1.37780633,1090.0,1000,1.0,5.0,0.5,0.459,177.8,0,7.3,0
483,7.83,1.83,6,1,0,0,0,0.888072271,9.324758842,3.9,54.85955922,25.42427045,0.99,614.0,900,4.0,2.0,0.1,4.0,177.8,1,6.8,1
146,7.61,1.91,8,1,0,0,0,32.0,19.92,2.0,68.16499207,31.83500793,0.9,144.8,550,2.0,5.0,0.5,1.0,127.0,1,7.2,1
378,7.61,1.91,8,0,1,0,0,1.0,5.25,4.0,35.19054311,31.24741671,1.015946332,520.2360027,950,2.0,5.0,0.1,1.0,177.8,1,6.8,1
512,0.0,0.0,0,0,0,0,0,0.0,5.163621961,0.0,33.23,32.31,1.03,1000.0,910,3.0,2.0,0.1,1.0,177.8,1,6.8,1
59,0.0,0.0,0,0,0,0,1,0.0,6.037704796,0.0,27.58817952,53.79652658,1.043637993,835.9429409,800,2.0,10.0,0.5,1.0,177.8,1,7.2,0
142,7.61,1.91,8,0,0,0,0,2.2,3.93,4.0,57.3,27.5,0.972706772,470.5552963,900,0.0125,5.994070154,0.1,0.3,177.8,0,6.8,1
355,0.0,0.0,0,0,0,1,0,0.0,5.0,0.0,30.0,23.0,0.87,608.0382587,850,1.464239413,7.656186604,0.1,0.5,50.0,1,6.8,1
116,6.57,1.36,1,1,0,0,0,1.24,5.142289869,3.0,48.5,0.0,1.051558857,925.89,1000,2.0,10.0,0.5,0.8,127.0,1,7.2,1
559,7.83,1.83,6,0,0,0,0,1.75,7.556611419,4.0,45.39,11.35,1.055266294,367.0,900,1.0,6.246802621,0.5,1.0,127.0,0,7.2,0
68,7.61,1.91,8,1,0,0,0,32.8,13.66841813,12.0,46.79,27.52,1.01761982,422.9044867,1000,2.0,5.0,0.5,0.767233907,177.8,1,7.0,1
14,7.83,1.83,6,0,0,1,0,2.68,9.162448165,5.0,39.65578424,11.62171753,1.2,687.2452256,700,4.0,5.0,0.5,1.0,177.8,1,7.2,0
347,0.0,0.0,0,0,0,1,0,0.0,5.79,0.0,22.62521589,27.63385147,1.04,741.93,800,2.0,5.0,0.5,2.5,177.8,1,7.65,0
424,0.0,0.0,0,0,0,0,0,0.0,7.2,0.0,26.39,54.16,2.7,1000.0,750,3.0,1.0,0.1,0.5,177.8,1,6.8,1
570,7.83,1.83,6,0,0,0,1,1.8,4.059706134,4.0,59.51742627,31.09919571,0.95,1358.5,100,2.0,3.0,0.1,1.0,177.8,1,7.0,1
637,7.61,1.91,8,0,0,0,1,4.05,9.6,4.0,63.87902162,15.5384147,1.032877833,648.0,800,1.0,3.0,1.0,0.25,177.8,1,13.8,0
657,0.0,0.0,0,0,1,0,0,0.0,2.74,0.0,25.19962667,13.87534999,1.02,1044.0,1000,4.0,3.975335503,0.5,1.0,177.8,1,7.3,1
284,7.83,1.83,6,1,0,0,0,1.47,10.15,4.0,70.14778325,15.27093596,0.94,705.0,900,4.0,3.0,0.1,2.0,127.0,1,6.8,1
606,7.61,1.91,8,0,1,0,0,0.085,3.2,4.0,21.7,4.2,1.019350133,20.0,1000,1.0,5.0,0.5,0.3,177.8,1,7.2,1
265,7.83,1.83,6,1,0,0,0,0.17,10.82,4.0,65.56014428,23.65518323,0.78,580.5,950,2.0,5.108895052,0.5,1.0,177.8,1,7.2,0
127,7.61,1.91,8,0,0,0,0,0.726565595,11.21732029,4.0,44.60486322,21.23100304,0.923443821,367.0177752,800,1.0,10.2755176,0.5,0.2,177.8,0,7.2,1
11,7.81,1.88,7,0,0,0,0,3.18,8.724496581,5.0,41.55130663,18.97100134,1.173577049,574.6732444,600,2.0,2.0,0.2,0.3,177.8,1,7.0,1
101,7.4,1.55,5,0,0,1,0,0.17,9.8,3.2,50.6,38.6,1.093104983,221.0,600,1.0,3.124546117,0.5,0.167,177.8,1,7.2,0
414,7.83,1.83,6,1,0,0,0,1.3,4.52,4.0,53.09734513,23.67256637,0.99,1148.0,900,2.0,3.0,0.5,2.0,127.0,1,7.3,0
29,7.81,1.88,7,0,0,0,0,1.22,2.751068733,4.0,53.28899487,19.10123359,1.898754538,1149.754734,70,3.0,5.613669392,0.1,4.88,127.0,1,6.8,1
395,7.83,1.83,6,0,0,0,1,0.31,2.397640417,4.0,10.9375,9.375,1.14,667.0,1000,2.0,5.0,0.1,1.0,177.8,1,6.8,1
496,7.83,1.83,6,0,0,0,0,2.349903163,2.598450613,4.0,79.03930131,6.113537118,0.931,153.0,800,2.0,2.0,0.1,2.0,177.8,1,6.8,1
35,7.83,1.83,6,0,0,0,1,3.9,7.939083938,4.0,52.71,16.17,1.08,730.5940198,800,2.0,5.013314504,0.5,1.0,177.8,1,7.2,0
662,7.37,1.96,10,1,0,0,0,1.8,6.024113819,4.3,26.31,8.65,1.074370558,581.3,950,2.0,4.530246928,1.0,1.0,177.8,1,8.8,0
252,7.61,1.91,8,0,0,1,0,23.0,18.7,3.8,68.48158175,23.80912967,0.951315319,306.128195,800,3.0,5.0,0.5,1.0,177.8,1,7.2,1
215,7.61,1.91,8,1,0,0,0,2.01,4.727602668,4.0,44.94940833,19.97942034,0.994499209,602.930251,1000,2.0,5.0,0.5,0.8,177.8,1,7.2,1
58,0.0,0.0,0,0,0,0,1,0.0,5.586508603,0.0,31.87544991,51.73092854,0.930564458,802.5708495,800,2.0,10.0,0.5,1.0,177.8,1,7.2,0
596,7.61,1.91,8,0,0,1,0,2.575564413,3.682605258,4.0,49.87206,38.70668,1.400152352,926.5577653,700,0.5,2.0,0.5,0.634673102,127.0,1,7.2,1
121,7.61,1.91,8,1,0,0,0,1.01,6.655838658,4.0,51.015,41.586,0.98,628.3198752,1000,1.0,7.008051371,0.5,0.5,177.8,0,7.2,1
660,7.61,1.91,8,0,1,0,0,3.49,2.16,10.36,31.58754345,23.41411902,1.0,352.0,1000,4.0,3.87016356,0.5,0.028653295,177.8,1,7.3,1
92,7.81,1.88,7,0,0,0,0,0.72,3.12,4.0,42.87573195,29.67902841,0.92,315.0358753,700,1.506148809,7.965496369,0.5,0.1,127.0,0,7.2,0
113,7.61,1.91,8,0,0,0,1,0.39,6.75,5.0,44.33962264,23.77358491,2.1,952.0,900,2.0,4.890201255,0.5,1.0,177.8,1,7.2,1
446,0.0,0.0,0,0,1,0,0,0.0,6.04,0.0,32.45033113,9.105960265,0.926,1286.0,800,2.0,5.0,0.1,0.5,177.8,1,6.8,0
157,7.61,1.91,8,0,0,0,0,1.39,6.119044162,4.0,23.29980225,57.26936635,1.47,308.0,900,3.0,5.204262164,0.5,1.0,177.8,1,7.2,1
653,7.61,1.91,8,0,1,0,0,0.75,3.96,4.0,49.0,18.0,0.94,263.0,900,2.0,2.0,0.5,1.0,127.0,1,7.3,1
602,7.81,1.88,7,0,0,0,0,0.251,2.29,4.0,54.14847162,27.94759825,1.0,1575.0,1000,1.0,5.0,0.1,1.0,25.0,1,8.0,0
375,0.0,0.0,0,0,0,0,1,0.0,4.07,0.0,13.3,71.2,1.06,877.44,1000,6.0,5.0,0.1,0.516141278,127.0,1,6.8,1
244,7.61,1.91,8,0,0,0,0,0.73,4.4,3.5,22.87636669,11.43818335,1.073653021,47.0,650,2.0,10.0,0.5,2.0,177.8,1,7.2,1
577,7.61,1.91,8,0,0,0,1,2.7,11.0,3.0,55.4,28.0,0.996860161,383.5084337,700,1.0,5.431494146,0.5,0.368741556,177.8,0,7.3,1
278,7.69,1.9,10,0,0,0,0,1.3,5.650482986,3.6,37.01709202,24.52977445,1.123898584,646.0,900,1.0,5.0,0.1,0.5,177.8,0,6.8,1
277,0.0,0.0,0,0,0,0,0,0.0,0.53623,0.0,26.99242002,38.06689221,2.4,301.0,700,3.0,4.179670164,0.5,0.589,177.8,0,7.5,1
270,7.61,1.91,8,1,0,0,0,0.872,5.3,4.0,53.43117011,32.99115044,0.94,178.4,600,2.0,5.0,0.5,0.6,177.8,1,7.2,1
463,0.0,0.0,0,0,0,0,0,0.0,5.53019,0.0,45.42484074,33.94476501,1.11,1223.0,600,0.5,1.0,0.1,1.2,177.8,1,6.8,1
485,0.0,0.0,0,1,0,0,0,0.0,9.471094711,0.0,60.25630676,16.30081848,0.98,732.0,900,4.0,2.0,0.1,4.0,177.8,1,6.8,2
405,0.0,0.0,0,0,0,0,1,0.0,5.67,0.0,16.04938272,14.99118166,1.099336427,235.8,600,2.675128823,3.620087054,0.5,0.2,177.8,1,7.3,0
36,7.61,1.91,8,0,0,0,1,1.25,5.502364393,3.9,36.57,18.88,0.95,431.4483598,900,3.0,5.0,0.5,0.5,127.0,1,7.2,1
587,0.0,0.0,0,1,0,0,0,0.0,1.63,0.0,18.35533,24.15624,1.143549843,652.8723751,1100,5.0,4.628676615,0.5,0.6,177.8,1,7.65,0
105,7.83,1.83,6,1,0,0,0,0.66,7.15,3.3,53.98373984,14.14634146,1.251707369,1246.0,900,2.0,4.702675374,0.5,1.0,177.8,1,7.2,0
243,7.61,1.91,8,0,0,0,0,1.79,2.5,3.5,56.42837118,28.21418559,1.066592428,214.0,650,2.0,10.0,0.5,2.0,177.8,1,7.2,1
311,7.61,1.91,8,1,0,0,0,5.32,7.8558956,3.83,54.4,16.7,1.020621516,932.8082073,1000,3.0,5.0,0.5,3.0,177.8,1,13.6,1
290,7.83,1.83,6,0,0,0,0,0.927554774,4.365904366,3.8,46.5,42.1,0.943834423,102.20606,900,1.0,30.0,0.1,0.75,50.0,0,6.8,0
129,7.83,1.83,6,0,0,0,0,1.64,7.10487763,4.0,35.7,55.9,1.371312703,910.2742293,750,4.0,5.0,0.5,1.0,177.8,1,7.2,1
23,7.83,1.83,6,0,0,0,0,1.33,1.38,3.6,40.5,34.1,1.03,217.0,1000,1.0,5.0,0.1,0.58,177.8,1,6.8,0
628,7.83,1.83,6,0,0,0,1,0.85,4.880280135,4.0,62.40485252,31.76736441,0.955374521,819.0,800,1.0,10.0,0.5,1.0,177.8,1,7.2,0
517,7.61,1.91,8,0,0,0,0,1.0,1.79,4.0,7.11087,70.70166,1.269007201,993.5920172,1100,2.0,9.500001059,0.1,1.414,177.8,0,6.8,1
110,7.61,1.91,8,0,0,1,0,0.087,2.5,4.2,13.56312691,44.24189549,0.96940754,588.393391,800,2.0,5.681356177,0.1,1.0,177.8,1,6.8,1
432,0.0,0.0,0,1,0,0,0,0.0,1.055,0.0,29.27740448,21.70107693,0.955,650.0,1100,3.0,4.743688186,0.5,1.0,177.8,1,7.3,0
228,7.4,1.55,5,0,0,0,1,2.74,12.48,4.0,48.31730769,0.0,1.167153379,325.8461336,900,1.0,3.0,0.1,0.3,127.0,1,6.8,0
663,7.37,1.96,10,1,0,0,0,1.8,6.01915629,4.3,26.31,8.65,1.086302326,581.3,950,2.0,4.586115784,1.0,1.0,177.8,1,13.8,0
664,0.0,0.0,0,0,0,0,0,0.0,13.86921215,4.0,38.6,3.1,0.99,438.8,850,2.0,1.0,0.5,1.5,177.8,1,7.2,0
216,7.61,1.91,8,0,0,0,0,9.25,3.407424121,12.0,44.69661881,14.590088,1.404130333,769.2539398,1000,2.0,5.0,0.5,0.8,177.8,1,7.2,2
85,7.83,1.83,6,1,0,0,0,0.458155678,2.655390688,4.0,49.22,0.0,0.95,646.0,1100,1.0,7.216868558,0.1,0.6,127.0,1,6.8,0
130,7.4,1.55,5,0,0,0,0,0.049,4.2,5.1,44.1,33.35,1.201357647,1192.0,900,1.0,3.0,0.5,0.5,177.8,1,7.2,0
539,7.61,1.91,8,0,0,0,0,0.86,5.03,3.4,30.59753546,46.43106254,0.97,1009.2,1000,1.0,7.953467365,0.5,0.833,177.8,1,7.2,1
571,7.83,1.83,6,0,0,0,1,1.8,4.124881447,4.1,59.8944591,30.34300792,0.95,1358.5,200,2.0,3.0,0.1,1.0,177.8,1,7.0,1
50,7.83,1.83,6,0,0,0,0,1.943586207,7.33,4.0,41.27103246,19.55416971,1.140595661,492.2024542,750,3.0,4.293429453,0.5,0.2,177.8,0,7.2,0
106,7.83,1.83,6,1,0,0,0,0.58,4.3,3.0,26.45011601,16.93735499,1.226074101,1345.0,1000,2.0,5.285220794,0.5,1.0,177.8,1,7.2,0
528,0.0,0.0,0,0,0,0,0,0.0,7.83,0.0,43.8,20.6,1.25,353.4824857,100,2.0,3.077539008,0.1,0.685767035,177.8,1,6.8,0
267,7.83,1.83,6,1,0,0,0,2.7,5.71,4.0,46.25958761,18.06952884,1.072196267,583.1,950,2.0,5.0,0.1,0.6,177.8,0,6.8,0
410,7.83,1.83,6,1,0,0,0,0.64,7.03,4.0,61.3086771,20.76813656,0.97,746.0,900,2.0,3.0,1.0,2.0,127.0,1,8.8,0
467,0.0,0.0,0,0,0,0,1,0.0,3.9,0.0,24.35897436,28.97435897,1.23,974.0,1100,2.0,5.0,0.1,0.2,177.8,0,6.8,0
80,7.61,1.91,8,0,1,0,0,2.88,9.5,4.0,37.3,43.6,1.83,615.0,900,2.0,2.0,0.1,0.76,177.8,0,6.8,1
560,7.83,1.83,6,0,0,0,0,1.55,7.47844202,4.0,40.97,12.5,1.058035152,344.0,900,1.0,6.409257634,0.5,1.0,127.0,0,7.2,0
42,7.69,1.9,10,0,0,0,1,0.32,4.248554465,4.0,46.378,48.64,1.02,610.1,900,1.0,5.0,0.1,0.8,50.0,1,6.8,1
342,7.61,1.91,8,0,1,0,0,1.05,1.42,3.6,58.2677,16.21837,1.041,1421.2,1000,1.0,2.0,0.5,0.6,177.8,1,7.4,1
438,0.0,0.0,0,0,0,0,0,0.0,9.046276646,0.0,44.1,29.9,0.89,899.0,900,2.0,5.0,0.1,1.5,177.8,0,6.8,0
607,0.0,0.0,0,0,1,0,0,0.0,2.33,0.0,25.4,3.39,1.018004948,373.0,1000,1.0,5.0,0.5,0.3,177.8,1,7.2,1
22,7.61,1.91,8,0,0,0,0,1.25,1.46,3.4,41.7,34.2,1.02,228.0,1000,1.0,5.0,0.1,0.58,177.8,1,6.8,1
353,0.0,0.0,0,0,0,0,0,0.0,2.18,0.0,24.2,54.4,1.1,556.0,900,2.0,5.0,0.1,0.48,177.8,1,6.8,1
368,0.0,0.0,0,0,0,1,0,0.0,2.54,0.0,62.3,21.6,0.744,535.3213225,700,3.0,5.0,0.5,0.3537,177.8,0,7.3,1
627,7.81,1.88,7,0,0,0,0,1.6,3.012057865,4.0,32.8358209,8.208955224,1.0,1036.0,1000,3.0,3.0,0.1,0.2,177.8,1,6.8,1
638,0.0,0.0,0,0,0,0,1,0.0,1.23,0.0,27.99,51.79,1.359341797,2801.0,900,2.0,5.0,0.5,0.857069373,177.8,1,7.2,1
555,7.61,1.91,8,0,0,1,0,11.06156672,9.706091491,4.0,53.03882666,24.26289618,0.99,427.3234394,900,2.0,5.0,0.5,0.8,177.8,0,7.2,1
604,7.61,1.91,8,0,1,0,0,0.237,2.4,3.0,25.0,8.75,1.052090121,215.0,1000,1.0,5.0,0.5,0.3,177.8,1,7.2,1
546,7.83,1.83,6,0,0,0,0,1.64,8.390841711,4.0,45.97,26.01,0.912,472.7010242,600,2.0,5.0,0.5,1.0,177.8,1,7.2,0
525,0.0,0.0,0,0,0,0,0,0.0,2.36,0.0,16.1,5.1,1.0,1043.3,1000,2.0,5.0,0.1,1.2,177.8,1,6.8,0
245,7.61,1.91,8,0,0,0,0,1.93,1.9,3.5,61.00364452,30.50182226,1.755946747,1369.0,650,2.0,10.0,0.5,2.0,177.8,1,7.2,1
198,7.83,1.83,6,1,0,0,0,3.4,5.270791155,4.0,64.9751733,16.84130836,0.907638376,623.4831989,1050,1.0,8.02780492,0.5,1.0,177.8,1,7.2,0
412,7.83,1.83,6,1,0,0,0,1.39,3.98,4.0,53.26633166,22.36180905,1.0,1181.0,900,2.0,3.0,1.0,2.0,127.0,1,8.8,0
31,7.83,1.83,6,0,0,0,0,3.2,6.113147006,5.0,50.28,19.37,0.956250267,536.379432,500,1.0,20.0,0.1,0.2,177.8,1,6.8,1
288,7.83,1.83,6,0,0,0,0,0.4726206,3.308344198,4.0,37.8,44.1,0.95753241,55.93264,900,1.0,30.0,0.1,0.75,50.0,0,6.8,0
126,0.0,0.0,0,0,0,0,0,0.0,1.21,0.0,52.86584218,29.95841682,1.262032628,592.9350006,800,1.0,10.08905501,0.5,0.2,177.8,0,7.2,0
491,7.83,1.83,6,0,0,0,1,1.215180107,11.54421102,4.0,25.80645161,24.78005865,1.04,493.8541556,900,2.0,5.0,0.1,0.4,177.8,0,6.8,0
318,7.83,1.83,6,0,0,1,0,1.75,2.8,4.7,61.0,15.0,1.055897879,224.0,900,1.0,5.286583338,1.0,0.8,127.0,1,8.8,1
233,7.61,1.91,8,0,0,0,0,0.76,5.522640474,4.0,39.06093906,28.87112887,0.979381729,589.0,975,0.75,5.960854157,0.1,0.4,177.8,0,7.5,1
280,9.35,1.65,10,1,0,0,0,7.54,10.28,4.0,69.35797665,15.6614786,0.89,368.3,900,4.0,3.0,1.0,2.0,127.0,1,8.8,1
354,7.61,1.91,8,0,0,0,0,2.61,3.04,4.0,36.9,23.8,1.0,259.0,900,2.0,5.0,0.1,0.48,177.8,1,6.8,1
120,7.61,1.91,8,1,0,0,0,2.14,4.929365706,4.3,35.693,18.241,1.477324878,1174.0,900,1.0,5.0,0.5,0.4,177.8,0,7.2,1
81,7.69,1.9,10,0,1,0,0,1.11,14.6,4.0,45.9,32.9,1.8,807.0,900,2.0,2.0,0.1,0.76,177.8,0,6.8,1
154,7.83,1.83,6,1,0,0,0,2.1,3.895035339,4.0,44.41299366,0.0,1.319639984,1259.477708,1000,3.0,5.0,0.5,0.4,177.8,1,7.2,0
271,7.61,1.91,8,1,0,0,0,0.917,3.59,3.0,50.43117011,29.99115044,0.93,322.1,800,2.0,5.0,0.5,0.6,177.8,1,7.2,1
249,7.61,1.91,8,0,0,0,0,4.43,3.2,3.5,63.22647272,23.95245106,1.380857087,1564.0,650,2.0,10.0,0.1,2.0,177.8,1,13.0,0
79,7.81,1.88,7,0,1,0,0,1.11,10.5,4.0,41.5,41.6,1.79,758.0,900,2.0,2.0,0.1,0.76,177.8,0,6.8,0
341,7.61,1.91,8,0,1,0,0,1.09,2.23,3.7,48.04671,26.34905,1.031,1414.1,1000,1.0,2.0,0.5,0.6,177.8,1,7.4,1
257,7.61,1.91,8,0,1,0,0,0.931577257,2.473498233,1.7,31.52818991,28.07863501,0.958514627,135.0,1000,3.0,4.720051493,0.1,0.699085277,177.8,1,6.8,1
371,0.0,0.0,0,0,0,0,1,0.0,10.8,0.0,40.0,0.0,1.105254093,144.0,950,1.0,3.0,0.1,0.5,127.0,1,6.8,1
345,0.0,0.0,0,0,0,0,1,0.0,10.2,0.0,61.88990826,21.5733945,0.57,466.25,900,3.0,5.0,0.5,0.936,177.8,0,7.2,0
176,7.61,1.91,8,0,0,1,0,10.48,9.547383551,4.0,57.4,23.3,0.981498858,422.7526004,650,3.0,5.0,0.5,0.5,177.8,1,7.3,2
303,7.69,1.9,10,1,0,0,0,0.820591724,3.926659615,3.9,47.15284715,25.57442557,1.00587278,321.0,1050,1.0,6.077007809,0.1,0.8,177.8,0,6.7,0
295,7.61,1.91,8,0,1,0,0,5.0,5.143888143,4.0,44.54040716,0.0,1.230259538,728.7335531,750,2.0,3.0,1.0,0.2,177.8,0,8.8,1
151,7.61,1.91,8,1,0,0,0,5.7,16.4,4.0,74.97385849,25.02614151,1.000278352,150.1,550,2.0,5.0,0.5,1.0,127.0,1,7.2,1
6,7.83,1.83,6,0,0,0,0,5.044,4.884,4.0,61.92,21.76,1.03,651.9364056,25,24.0,0.0,0.1,0.2,177.8,1,6.8,0
72,7.61,1.91,8,0,0,0,0,0.8,5.82,4.0,28.2,9.1,1.14,204.0,1000,1.0,5.0,0.5,0.3,177.8,0,7.2,1
465,0.0,0.0,0,0,0,0,0,0.0,5.53019,0.0,45.42484074,33.94476501,1.11,1223.0,600,0.5,1.0,0.1,2.0,177.8,1,6.8,1
426,0.0,0.0,0,1,0,0,0,0.0,19.33701657,0.0,50.0,38.89,1.02,392.0,700,4.0,2.0,0.1,4.0,177.8,1,7.2,2
526,0.0,0.0,0,0,0,0,0,0.0,2.85,0.0,5.6,10.6,0.98,828.1,1000,2.0,5.0,0.1,1.2,177.8,1,6.8,0
343,7.61,1.91,8,0,1,0,0,1.09,2.23,3.7,48.04671,26.34905,1.031,1414.1,1000,1.0,2.0,0.5,0.6,177.8,1,7.4,0
339,9.35,1.65,10,1,0,0,0,6.64,8.042909242,3.0,62.15550423,14.67282525,0.99,988.0,900,2.0,5.0,0.5,0.6,177.8,1,7.2,0
402,0.0,0.0,0,0,0,0,1,0.0,5.82,0.0,15.29209622,12.54295533,1.134067678,235.8,600,2.51573251,3.745515042,0.5,0.2,177.8,1,7.3,0
200,7.83,1.83,6,1,0,0,0,12.0,10.09200394,12.0,50.96570305,23.1400404,1.027239841,666.3124151,1050,1.0,5.149798604,0.5,1.0,177.8,1,7.2,0
433,0.0,0.0,0,0,0,0,0,0.0,6.939267169,0.0,44.4,32.7,0.89,104.0,900,2.0,5.0,0.1,1.0,177.8,0,6.8,0
40,7.81,1.88,7,1,0,0,0,0.25,15.7266,3.1,60.17021522,21.87210175,1.101689477,666.0178213,900,3.0,5.0,0.5,0.8,127.0,1,6.8,0
667,8.95,1.69,10,0,0,0,0,3.5,9.442286651,4.0,49.2,4.9,0.93,615.9,850,2.0,1.0,0.5,1.5,177.8,1,7.2,1
482,7.83,1.83,6,1,0,0,0,0.856793146,10.70991432,4.4,52.17496108,27.93663213,1.01,1050.0,900,4.0,2.0,0.1,4.0,177.8,1,6.8,1
454,0.0,0.0,0,0,0,1,0,0.0,1.9,0.0,42.10499159,8.347522781,0.64,723.2472469,750,1.547704851,7.695328683,0.1,0.5,50.0,1,6.8,2
597,7.61,1.91,8,0,0,1,0,4.468391032,4.86656449,4.0,45.18061,42.3732,1.372018598,896.4966161,700,0.5,2.0,0.5,0.746746139,127.0,1,7.2,1
659,7.61,1.91,8,0,1,0,0,1.23,3.23,6.0,28.82242686,13.22961927,1.02,612.0,1000,4.0,3.524884611,0.5,0.081300813,177.8,1,7.3,1
168,7.61,1.91,8,0,0,0,0,1.31087,11.93215,3.8,58.91462145,24.01089983,0.97,582.6,900,2.0,10.0,0.5,0.2,127.0,1,7.2,1
161,7.83,1.83,6,1,0,0,0,2.6,7.6,4.3,71.42857143,0.0,1.242865297,894.9727275,700,2.0,5.0,0.5,0.6,177.8,1,7.2,0
369,0.0,0.0,0,0,0,1,0,0.0,2.05,0.0,58.7,33.9,0.744,589.7285918,500,3.0,5.0,0.5,0.3537,177.8,0,7.3,1
96,7.83,1.83,6,1,0,0,0,2.835854416,5.319885644,4.4,44.44444444,17.74625447,1.04,622.18399,900,1.0,10.0,0.1,0.4,127.0,1,6.8,0
319,7.61,1.91,8,1,0,0,0,3.882317736,8.665522184,4.1,47.6723306,25.60497416,1.074301081,741.0,900,2.0,5.0,0.5,1.0,177.8,1,7.2,1
145,7.61,1.91,8,1,0,0,0,8.2,38.23361945,2.1,74.86590282,25.13409718,1.08,91.4,550,2.0,5.0,0.5,1.0,127.0,1,7.2,1
296,7.37,1.96,10,0,1,0,0,43.33410461,2.497919451,4.0,25.6,0.0,1.029338078,610.3448505,900,2.0,3.0,0.1,0.325,177.8,1,6.8,0
619,7.83,1.83,6,1,0,0,0,0.2,2.5,4.0,45.13388569,21.55679635,1.02,1156.6,1000,3.0,4.16721831,1.0,1.0,177.8,1,8.8,0
460,0.0,0.0,0,0,0,0,0,0.0,3.44277,0.0,39.3680089,32.60978805,1.05,807.0,600,0.5,1.0,0.1,0.8,177.8,1,6.8,0
344,7.61,1.91,8,0,1,0,0,1.05,1.42,3.6,58.2677,16.21837,1.041,1421.2,1000,1.0,2.0,0.5,0.6,177.8,1,7.4,0
591,7.83,1.83,6,0,0,1,0,6.665028564,16.67332146,4.0,33.9,58.9,1.01,635.15,800,2.0,6.011199938,0.5,1.0,177.8,0,7.2,0
655,7.54,1.93,10,1,0,0,0,0.088,10.24527815,2.0,53.84,26.37,1.02,945.7,1000,1.0,4.627639628,0.1,0.797946442,25.0,1,6.8,0
394,7.83,1.83,6,0,0,0,1,0.15,3.26602758,5.0,10.92436975,17.64705882,1.26,1173.0,1000,2.0,5.0,0.1,1.0,177.8,1,6.8,0
499,7.83,1.83,6,0,0,1,0,2.364327238,3.86,4.0,47.66839378,8.29015544,1.37,868.5081209,850,3.0,2.0,0.1,0.3,127.0,1,6.8,0
314,7.83,1.83,6,0,0,1,0,1.75,2.8,4.7,61.0,15.0,1.006149234,224.0,900,1.0,6.50376851,0.1,0.8,127.0,1,6.8,1
153,7.61,1.91,8,1,0,0,0,2.2,5.640727266,4.0,46.13248967,0.0,1.287948798,1135.309748,1000,3.0,5.0,1.0,1.0,177.8,1,8.8,0
149,7.61,1.91,8,1,0,0,0,2.0,38.23361945,4.0,74.86590282,25.13409718,1.082188718,91.4,550,2.0,5.0,0.5,1.0,127.0,1,7.2,1
349,0.0,0.0,0,0,0,1,0,0.0,3.28,0.0,15.85365854,21.95121951,1.07,743.45,1000,2.0,5.0,0.5,2.5,177.8,1,7.65,0
21,7.61,1.91,8,0,0,0,0,0.42,4.44,4.0,32.6,6.7,1.04,1650.0,800,5.0,2.0,0.5,0.255,177.8,0,7.2,0
60,8.35,2.05,10,0,0,0,0,0.03,9.940460042,4.0,64.19,17.05,1.036860502,33.6,800,2.0,6.472776613,0.1,1.0,177.8,1,6.8,1
532,7.61,1.91,8,0,0,1,0,0.17,2.3,3.2,57.72292994,28.125,1.435293653,971.9094346,850,3.0,2.2,0.5,2.0,177.8,0,7.2,1
648,7.83,1.83,6,1,0,0,0,0.57,9.451166446,5.0,63.87,27.05,0.99,730.236858,900,6.0,5.0,1.0,0.75,127.0,1,13.8,0
629,7.61,1.91,8,0,0,0,1,1.84,5.863920513,4.0,32.10984231,48.54540511,1.005945963,819.0,800,1.0,10.0,0.5,1.0,177.8,1,7.2,0
665,8.95,1.69,10,0,0,0,0,18.4,14.72554628,4.0,64.0,4.8,1.07,303.0,850,0.0833,1.0,0.5,1.5,177.8,1,7.2,1
152,7.61,1.91,8,1,0,0,0,2.2,5.374686235,4.0,46.13248967,0.0,1.326824359,1066.063913,1000,3.0,5.0,0.5,0.4,177.8,1,7.2,0
136,7.61,1.91,8,0,0,0,1,3.28,7.520896137,4.0,54.35094773,31.66283745,0.98,261.0,900,1.0,3.0,0.5,0.1,177.8,1,7.2,1
630,7.83,1.83,6,0,0,0,1,1.68,6.008965758,4.0,42.58216577,46.53659814,0.992404929,819.0,800,1.0,10.0,0.5,1.0,177.8,1,7.2,0
529,0.0,0.0,0,0,0,0,0,0.0,7.87,0.0,44.8,19.6,1.26,392.5035888,100,2.0,2.966364132,0.1,0.705314869,177.8,1,6.8,0
357,7.61,1.91,8,0,0,1,0,1.2,3.36385693,8.0,40.89333061,5.241688762,2.3,1066.0,900,2.0,5.0,0.5,0.4,177.8,1,7.3,1
66,7.61,1.91,8,1,0,0,0,1.64,29.07,4.0,46.79,27.52,1.097494257,519.1764894,1000,2.0,5.0,0.5,0.749372608,177.8,1,7.0,1
643,7.81,1.88,7,0,0,0,0,2.2,1.11,8.0,25.43142598,3.633060854,1.02,318.0000421,800,2.5,5.0,0.1,0.675492526,177.8,1,6.8,0
226,7.81,1.88,7,0,0,0,1,2.52,12.63,4.0,48.37688044,0.0,1.184493307,387.757334,900,1.0,3.0,0.1,0.3,127.0,1,6.8,1
220,9.35,1.65,10,0,0,0,0,0.01,0.61,4.0,68.85245902,14.75409836,2.89,1292.4,1100,1.0,8.660369953,0.5,1.0,177.8,1,7.2,0
141,7.81,1.88,7,0,0,0,1,3.28,8.229797809,4.0,51.68279929,25.3282154,0.98,328.9485297,900,1.0,3.0,0.5,0.1,177.8,1,7.2,1
608,7.61,1.91,8,0,0,0,1,3.77,18.01518053,4.1,59.47159385,32.72319116,1.037799047,434.761263,700,2.0,5.0,0.5,1.0,177.8,1,7.3,1
292,7.83,1.83,6,0,0,0,0,0.927554774,4.142011834,4.0,45.1,40.3,0.966552058,145.88309,900,1.0,30.0,0.1,0.75,50.0,0,6.8,0
221,9.35,1.65,10,0,0,0,0,0.1,0.46,4.0,60.86956522,28.26086957,3.11,1402.4,1000,1.0,9.947334019,0.5,1.0,177.8,1,7.2,0
624,7.81,1.88,7,0,0,0,0,1.6,10.94354096,4.0,47.79195289,24.4357213,1.08,356.0,700,3.0,3.0,0.1,0.2,177.8,1,6.8,1
28,7.81,1.88,7,0,0,0,0,0.83,2.893584137,4.0,52.62841956,19.63034232,1.875726211,1149.935148,70,3.0,5.787242461,0.1,4.88,127.0,1,6.8,1
568,7.83,1.83,6,0,0,0,0,3.2,3.2,4.0,43.6,6.4,1.127423904,594.8489072,900,2.0,5.0,0.5,1.0,127.0,0,7.2,0
335,7.61,1.91,8,1,0,0,0,15.71282183,11.99692584,4.0,60.57305984,0.0,1.017558505,590.0936269,550,2.0,5.0,0.5,1.0,127.0,1,7.2,1
443,7.61,1.91,8,0,1,0,0,2.8,3.03,4.0,33.99339934,11.55115512,1.017,634.0,800,2.5,5.0,0.1,1.0,177.8,1,6.8,1
48,7.4,1.55,5,0,0,0,0,1.90887931,7.33,4.0,36.59432841,25.78088087,1.133385547,431.0144192,750,3.0,4.205587224,0.5,0.2,177.8,0,7.2,0
392,0.0,0.0,0,1,0,0,0,0.0,17.71996427,0.0,46.09695171,31.09109023,1.17,732.0,900,3.0,5.0,0.1,0.4,177.8,1,6.8,0
272,7.61,1.91,8,1,0,0,0,0.889,2.83,2.0,47.43117011,26.99115044,0.91,280.8,900,2.0,5.0,0.5,0.6,177.8,1,7.2,1
124,7.61,1.91,8,0,0,0,0,1.3,2.074474243,4.0,44.655,23.042,0.920675785,294.3710129,800,1.0,10.36489402,0.5,0.2,177.8,0,7.2,1
70,7.61,1.91,8,0,0,1,0,2.14,5.401029567,4.0,55.02691439,8.942524744,0.92,143.97,1000,2.0,10.0,0.5,0.53167424,127.0,1,7.2,2
268,9.35,1.65,10,1,0,0,0,0.1,5.56,4.0,47.0357717,22.82958199,1.073079504,637.2,950,2.0,5.0,0.1,0.6,177.8,0,6.8,1
550,7.61,1.91,8,0,0,0,0,17.62886598,15.395189,4.0,62.77311618,23.5883447,0.7,308.0,800,1.0,10.0,0.5,0.5,177.8,1,7.2,1
429,0.0,0.0,0,1,0,0,0,0.0,8.875,0.0,56.2883398,20.42132514,1.065,650.0,800,3.0,4.383010265,0.5,1.0,177.8,1,7.3,0
464,0.0,0.0,0,0,0,0,0,0.0,5.53019,0.0,45.42484074,33.94476501,1.11,1223.0,600,0.5,1.0,0.1,1.6,177.8,1,6.8,1
128,7.61,1.91,8,0,0,0,0,0.953383072,2.453946912,4.0,45.10628709,20.98700518,0.900747346,237.9225274,800,1.0,10.34424256,0.5,0.2,177.8,0,7.2,1
188,7.61,1.91,8,1,0,0,0,1.45,12.69,2.7,67.13947991,21.19779354,1.035440774,824.0,900,4.0,3.0,1.0,2.0,127.0,1,8.8,1
175,7.61,1.91,8,0,0,1,0,6.11,7.347705754,4.0,58.5,15.6,1.07024545,451.681389,650,3.0,5.0,0.5,0.5,177.8,1,7.3,1
32,7.81,1.88,7,0,0,0,0,3.7,5.960251017,5.0,49.8,21.9,0.919753394,454.229189,500,1.0,20.0,0.1,0.2,177.8,1,6.8,1
417,0.0,0.0,0,0,0,0,0,0.0,3.78865,0.0,57.70393148,28.52414448,0.83,810.1230903,900,1.0,8.666997376,0.1,0.4,177.8,1,6.8,1
261,7.83,1.83,6,1,0,0,0,2.6,2.67,4.0,39.49896804,0.0,1.305348993,1168.43,1000,3.0,5.0,0.5,0.4,177.8,1,7.2,0
329,7.69,1.9,10,1,0,0,0,2.18,6.802001155,3.8,42.35,19.95,1.15,1178.8,1000,3.0,5.0,0.1,1.5,127.0,1,6.8,1
649,7.81,1.88,7,0,0,0,0,0.011,4.709943213,3.6,44.74,34.78,1.027155236,24.0,500,1.0,5.0,0.5,0.7,177.8,0,3.9,1
441,7.61,1.91,8,0,0,0,0,2.488518807,4.972270336,4.0,37.56243756,39.56043956,0.91,829.0,900,2.0,5.0,0.1,0.5,177.8,1,6.8,1
237,7.83,1.83,6,0,1,0,0,6.0,7.2,3.0,38.66247893,28.45870997,1.137967638,340.0,900,3.0,5.33162371,0.1,0.785,177.8,0,6.8,0
195,7.83,1.83,6,0,0,0,0,1.25,3.942046519,4.0,56.0,22.1,0.890316044,473.7613892,750,1.0,10.40086684,0.1,0.32,177.8,1,6.8,0
73,0.0,0.0,0,0,0,0,0,0.0,6.13,0.0,27.5,9.8,1.13,215.0,1000,1.0,5.0,0.5,0.3,177.8,0,7.2,1
108,7.83,1.83,6,1,0,0,0,0.52,4.13,3.0,39.80582524,18.93203883,1.107275706,1275.0,1000,2.0,5.304048117,0.5,1.0,177.8,1,7.2,0
494,7.83,1.83,6,0,0,0,0,1.488689824,2.650319005,4.0,65.38461538,14.52991453,0.911,160.0,800,2.0,2.0,0.1,2.0,177.8,1,6.8,0
364,7.83,1.83,6,0,1,0,0,1.82,4.606459434,5.0,28.0,11.0,1.22,1353.0,900,3.0,4.338831104,0.5,0.5,127.0,1,7.3,0
324,0.0,0.0,0,1,0,0,0,0.0,9.639920019,0.0,48.75559124,0.0,1.14,465.0,900,1.0,5.0,0.1,0.8,177.8,1,6.8,1
383,0.0,0.0,0,0,0,1,0,0.0,9.28,0.0,26.5,47.2,0.5,248.0,800,1.0,10.31676119,0.1,2.0,177.8,1,6.8,0
138,7.61,1.91,8,0,0,0,1,36.9,10.10989145,12.0,44.2101021,29.88984417,0.83,279.0,900,1.0,3.0,0.5,0.1,177.8,1,7.2,1
299,7.4,1.55,5,1,0,0,0,1.184569487,3.685327292,4.0,48.2,29.2,1.098105433,311.0,1050,1.0,5.609908958,0.1,0.8,177.8,0,6.7,0
1,7.83,1.83,6,0,0,0,0,9.9,23.9,4.0,58.52,23.15,1.13,23.0,800,2.0,2.0,0.1,2.0,177.8,1,6.8,0
533,0.0,0.0,0,0,0,0,0,0.0,5.06,0.0,25.81568403,57.81339439,0.97,1081.1,1000,1.0,6.357546385,0.1,0.833,177.8,1,6.8,0
213,7.61,1.91,8,0,0,1,0,6.63,5.727205076,4.0,48.90811356,16.67226608,1.047518765,689.0,1000,2.0,5.0,0.5,0.8,177.8,1,7.2,1
338,7.61,1.91,8,1,0,0,0,1.06,5.485940183,4.0,52.66798734,18.48486094,1.03,900.0,800,1.0,5.0,0.5,0.6,177.8,1,7.2,1
89,9.35,1.65,10,0,0,0,0,1.013530268,4.230217647,5.09298,50.54347826,25.87587894,0.68,830.7241621,900,1.0,8.18327544,0.5,2.0,177.8,1,7.2,0
401,0.0,0.0,0,0,0,0,1,0.0,5.59,0.0,10.19677996,12.34347048,1.128787673,101.4,600,2.535570816,3.956308143,0.5,0.2,177.8,1,7.3,0
420,0.0,0.0,0,1,0,0,0,0.0,2.1,0.0,22.01834862,5.504587156,0.982,945.0,1000,2.0,5.0,0.1,0.5,177.8,0,6.8,1
360,7.81,1.88,7,1,0,0,0,4.0,4.324409948,2.0,43.53562005,29.84462035,1.0,842.0,900,2.0,5.0,0.1,0.5,177.8,1,6.8,1
562,0.0,0.0,0,0,0,0,0,0.0,4.066009513,0.0,25.5,18.0,1.065750053,819.8273613,900,2.0,5.0,0.5,1.0,127.0,0,7.2,0
326,0.0,0.0,0,1,0,0,0,0.0,15.3473426,0.0,27.36630119,0.0,0.98,493.0,900,1.0,5.0,0.1,0.8,177.8,1,6.8,1
427,0.0,0.0,0,1,0,0,0,0.0,18.72693727,0.0,53.44827586,33.33333333,1.04,488.0,700,4.0,2.0,0.1,4.0,177.8,1,7.2,2
337,7.61,1.91,8,1,0,0,0,0.85,3.572951448,3.0,43.18047045,22.29689662,0.97,821.0,700,1.0,5.0,0.5,0.6,177.8,1,7.2,1
407,0.0,0.0,0,0,0,0,1,0.0,3.92,0.0,15.08951407,10.4859335,1.074193466,235.8,900,2.617813469,3.607369831,0.5,0.2,177.8,1,7.3,0
563,7.83,1.83,6,0,0,0,0,2.3,2.3,4.0,44.4,4.7,1.120989563,601.5032528,900,2.0,5.0,0.5,1.0,127.0,0,7.2,0
506,0.0,0.0,0,0,1,0,0,0.0,4.198005368,0.0,41.0,14.0,2.74,1055.836909,800,3.0,5.0,0.5,1.239311071,177.8,0,7.2,1
468,0.0,0.0,0,0,0,0,1,0.0,1.65,0.0,18.78787879,15.75757576,1.13,148.0,1200,2.0,5.0,0.1,0.2,177.8,0,6.8,0
439,0.0,0.0,0,0,0,0,0,0.0,4.243117392,0.0,33.56643357,57.64235764,0.88,1004.7,900,2.0,5.0,0.1,0.5,177.8,1,6.8,1
614,9.35,1.65,10,0,1,0,0,0.13,4.996471875,4.0,38.4,38.3,0.99,25.39,1000,1.0,1.0,0.5,4.0,177.8,1,7.3,0
41,7.81,1.88,7,1,0,0,0,0.25,9.628785995,11.2,52.19873382,22.10431988,1.318145876,925.6946335,900,3.0,5.0,0.5,0.8,127.0,1,6.8,1
556,7.61,1.91,8,0,0,1,0,6.107048027,8.641170168,4.0,44.69627902,30.98060002,1.0,537.1664723,1000,2.0,5.0,0.5,0.8,177.8,0,7.2,1
162,7.69,1.9,10,0,0,0,0,1.45,4.696209838,2.3,41.67273316,16.90932622,1.03,168.0,900,2.0,5.0,0.1,0.5,177.8,1,6.8,0
192,0.0,0.0,0,0,0,0,0,0.0,7.494086279,0.0,27.11420385,50.1023332,0.911023129,174.0,900,1.0,30.0,0.1,0.75,177.8,0,6.8,0
507,7.83,1.83,6,0,1,0,0,2.896536118,4.469264713,4.0,46.0,6.0,3.32,1123.035709,800,3.0,5.0,0.5,0.931975985,177.8,0,7.2,0
413,7.83,1.83,6,1,0,0,0,1.3,4.52,4.0,53.09734513,23.67256637,0.99,1148.0,900,2.0,3.0,1.0,2.0,127.0,1,8.8,0
504,0.0,0.0,0,0,0,1,0,0.0,7.218857423,0.0,19.2,22.1,0.54,456.6164371,1060,1.39573702,8.389331113,0.1,1.562001189,177.8,1,6.8,0
201,7.83,1.83,6,1,0,0,0,1.5,4.418471535,4.0,50.59410456,23.29031929,0.914545004,750.712749,1050,1.0,8.574330694,0.1,1.0,177.8,1,6.8,0
578,7.61,1.91,8,0,0,0,1,2.7,5.6,3.0,54.7,28.7,1.005647917,454.422902,800,1.0,5.676494715,0.5,0.425002936,177.8,0,7.3,1
612,7.61,1.91,8,0,0,0,0,3.27626261,5.223880597,12.0,46.5,25.6,1.03,156.6,800,2.0,6.241879871,0.5,0.25,177.8,0,7.4,1
260,7.83,1.83,6,1,0,0,0,0.351,2.86,4.0,38.28954017,0.0,1.246563325,1102.2,1000,3.0,5.0,0.5,0.4,177.8,1,7.2,0
387,7.69,1.9,10,1,0,0,0,1.4,6.751228107,4.0,46.83293657,36.57863706,1.002883203,629.9706847,1050,1.0,5.0,0.1,2.0,177.8,1,7.2,1
285,7.83,1.83,6,1,0,0,0,1.47,10.15,4.0,70.14778325,15.27093596,0.94,705.0,900,4.0,3.0,0.5,2.0,127.0,1,7.2,0
239,7.61,1.91,8,0,0,0,0,1.57,2.5,3.5,58.66666667,29.33333333,1.743553867,1564.0,600,2.0,10.0,0.5,2.0,177.8,1,7.2,1
498,7.83,1.83,6,0,0,0,0,3.049132022,3.519953879,4.0,69.32907348,7.348242812,0.931,160.0,800,2.0,2.0,0.1,2.0,177.8,1,6.8,1
620,7.83,1.83,6,1,0,0,0,0.2,2.9,4.0,44.40184049,18.70398773,1.024,360.1,1000,3.0,3.714873143,0.1,1.0,177.8,1,6.8,0
508,7.81,1.88,7,0,1,0,0,7.381115826,3.036070894,4.0,48.0,10.0,3.01,1056.73628,800,3.0,5.0,0.5,1.291540442,177.8,0,7.2,0
367,0.0,0.0,0,0,0,1,0,0.0,2.51,0.0,53.3,33.4,0.729,534.9574767,700,3.0,5.0,0.5,0.3537,177.8,0,7.3,1
645,7.81,1.88,7,0,0,0,0,2.25,0.83,8.0,22.27848101,0.0,1.14,554.9701951,1000,2.5,5.0,0.1,0.850949434,177.8,1,6.8,1
572,7.83,1.83,6,0,0,0,1,1.8,4.168675073,4.7,60.05221932,30.02610966,0.95,1358.5,300,2.0,3.0,0.1,1.0,177.8,1,7.0,1
553,7.69,1.9,10,1,0,0,0,0.91,7.795784451,4.2,63.15874818,0.0,1.02,840.6499871,900,3.0,5.0,0.1,1.0,177.8,1,6.8,1
518,7.61,1.91,8,1,0,0,0,0.764919222,3.369601055,4.0,51.29750544,0.0,0.93,543.4726916,1100,1.0,8.071520373,0.1,0.6,127.0,1,6.8,1
365,7.83,1.83,6,0,1,0,0,1.82,4.606459434,5.0,28.0,11.0,1.22,1353.0,900,3.0,4.596557459,0.5,1.0,127.0,1,7.3,0
542,7.83,1.83,6,0,0,0,0,0.74,20.4,4.2,50.62483,13.84702,1.28,382.0,900,2.0,2.0,0.1,1.0,177.8,1,6.8,0
581,0.0,0.0,0,0,0,0,1,0.0,10.2,0.0,54.0,20.0,1.1,655.2118618,900,2.352546641,4.372925398,0.5,1.0,127.0,1,7.2,1
552,7.83,1.83,6,1,0,0,0,0.9,7.430009163,4.0,57.40977324,0.0,1.13,952.026951,900,3.0,5.0,0.1,1.0,177.8,1,6.8,1
565,7.83,1.83,6,0,0,0,0,3.4,3.4,4.0,44.4,4.7,1.119818719,547.6286857,900,2.0,5.0,0.5,1.0,127.0,0,7.2,0
590,0.0,0.0,0,0,0,1,0,0.0,24.65026532,0.0,38.11,52.4,1.0,475.65,800,2.0,5.381331393,0.5,1.0,177.8,0,7.2,1
618,7.83,1.83,6,1,0,0,0,0.2,2.5,4.0,45.13388569,21.55679635,1.02,1156.6,1000,3.0,4.396268341,0.5,1.0,177.8,1,7.2,0
63,7.83,1.83,6,0,0,0,0,0.047765564,6.499302535,4.0,38.0,18.9,0.97,441.5510748,900,2.0,2.0,0.5,2.5,177.8,1,7.65,0
207,0.0,0.0,0,0,1,0,0,0.0,4.306736035,0.0,24.0,5.0,1.196324212,770.8,900,3.0,3.0,0.1,1.0,127.0,0,6.8,0
282,7.83,1.83,6,1,0,0,0,1.47,10.15,4.0,70.14778325,15.27093596,0.94,705.0,900,4.0,3.0,1.0,2.0,127.0,1,8.8,0
545,7.83,1.83,6,0,0,0,0,0.71,10.6,3.8,40.14181,11.84868,1.28,279.0,900,2.0,2.0,1.0,1.0,177.8,1,8.8,0
112,7.61,1.91,8,0,0,1,0,0.087,2.5,4.2,23.14781992,39.50726693,1.416358668,937.6426607,900,2.0,4.129754254,0.1,1.0,177.8,1,6.8,1
186,7.61,1.91,8,1,0,0,0,5.44,10.35,2.4,53.71980676,29.75845411,1.002435099,871.0,1000,4.0,3.0,1.0,2.0,127.0,1,8.8,1
240,7.61,1.91,8,0,0,0,0,1.96,2.9,3.5,62.52873563,31.26436782,1.690039338,1564.0,650,2.0,10.0,0.5,2.0,177.8,1,7.2,1
576,7.61,1.91,8,0,0,0,0,1.5,4.957115045,4.0,39.16993831,20.39259675,1.096410213,398.4671967,1000,2.0,5.0,0.5,0.5,177.8,0,7.3,1
374,0.0,0.0,0,0,0,0,1,0.0,7.7,0.0,60.0,0.0,1.130975681,189.0,1050,1.0,3.0,0.1,0.5,127.0,1,6.8,0
588,0.0,0.0,0,1,0,0,0,0.0,2.11,0.0,28.48,40.19,1.126126498,975.5559019,1000,3.0,4.871575709,0.5,0.6,177.8,1,7.65,0
306,7.81,1.88,7,1,0,0,0,0.7,8.834196804,3.7,53.95465995,0.0,1.02,638.0,900,2.0,3.0,0.1,0.32,177.8,0,6.8,0
33,7.61,1.91,8,0,0,0,1,2.7,8.655745476,4.0,60.0,14.3,1.07,639.033058,800,2.0,4.940296812,0.5,1.0,177.8,1,7.2,1
170,7.61,1.91,8,0,0,0,0,2.5,4.334964214,4.0,50.66666667,28.59259259,0.87,412.9515937,600,2.0,10.0,0.1,0.3,177.8,0,6.8,2
316,7.83,1.83,6,0,0,1,0,1.72,4.57,4.7,57.0,12.0,1.06017962,299.0,900,1.0,6.440632066,0.1,0.8,127.0,1,6.8,1
379,7.61,1.91,8,0,1,0,0,1.0,3.87,4.0,31.5281963,27.20619888,0.972243799,492.7202714,950,2.0,5.0,0.1,1.0,177.8,1,6.8,2
241,7.61,1.91,8,0,0,0,0,0.95,2.2,3.5,53.03030303,26.51515152,1.795584242,1564.0,750,2.0,10.0,0.5,2.0,177.8,1,7.2,1
24,7.81,1.88,7,0,0,0,0,1.46,1.4,4.0,47.2,35.5,1.04,227.0,1000,1.0,5.0,0.1,0.58,177.8,1,6.8,0
74,7.61,1.91,8,0,0,0,0,1.826387217,5.92,3.4,44.61917052,29.42200348,0.878172676,390.6150727,800,1.0,20.0,0.5,0.2,177.8,1,7.2,1
159,7.61,1.91,8,0,0,1,0,5.0,9.973957274,3.0,82.39455539,17.60544461,0.938631049,401.4848421,900,2.0,21.22119022,0.5,1.0,177.8,1,7.2,0
423,0.0,0.0,0,0,1,0,0,0.0,3.704928879,0.0,50.0,31.25,0.862585335,1332.0,800,0.5,30.0,0.1,2.5,177.8,1,6.8,2
165,7.61,1.91,8,0,0,0,0,2.53,2.75,4.0,21.19,28.43,1.18,480.0,700,1.0,1.0,0.5,1.3,127.0,1,7.2,1
26,7.61,1.91,8,0,0,1,0,1.68,6.424020884,3.7,58.2,18.8,1.100377892,648.0,800,5.0,5.0,0.5,0.35,177.8,1,7.2,2
452,0.0,0.0,0,0,0,0,0,0.0,2.965526163,0.0,25.19083969,6.488549618,1.0,487.5,1000,3.0,5.0,0.5,0.35,177.8,1,7.3,0
500,7.83,1.83,6,0,0,1,0,2.981510761,4.64,4.0,48.81209503,20.95032397,1.45,867.3964733,850,3.0,2.0,0.1,0.3,127.0,1,6.8,0
397,7.83,1.83,6,1,0,0,0,1.74,5.15,4.4,52.91828794,37.54863813,0.98,1241.0,1000,1.0,2.0,0.5,0.1,127.0,1,7.2,0
178,7.61,1.91,8,0,0,1,0,7.53,8.808216874,4.0,55.3,19.3,1.015205425,496.3234922,650,3.0,5.0,0.5,0.5,177.8,1,7.3,2
3,7.81,1.88,7,1,0,0,0,1.57,4.76,4.0,41.58,17.59,0.93,448.0,800,2.0,5.333,0.5,0.3,127.0,1,7.2,1
197,7.83,1.83,6,1,0,0,0,2.1,9.253650892,4.0,67.52767334,24.11585962,0.878099427,533.3087014,950,1.0,8.493842513,0.5,1.0,177.8,1,7.2,0
652,7.61,1.91,8,0,1,0,0,0.44,4.42,4.0,50.0,21.0,0.91,274.0,800,2.0,2.0,0.5,1.0,127.0,1,7.3,1
69,7.61,1.91,8,1,0,0,0,52.48,13.63201182,12.0,46.79,27.52,0.826324954,425.9676049,1000,2.0,5.0,0.5,0.768598419,177.8,1,7.0,1
91,7.25,2.02,10,1,0,0,0,0.2,5.145317655,3.8,31.46,21.44,1.01,355.4,1000,3.0,2.0,0.1,0.963441124,177.8,1,7.0,0
317,7.83,1.83,6,0,0,1,0,1.75,2.8,4.7,61.0,15.0,1.0072281,224.0,900,1.0,6.254611641,0.5,0.8,127.0,1,7.33,1
2,7.83,1.83,6,1,0,0,0,1.78,4.72,4.0,49.17,15.13,0.94,461.0,800,2.0,5.333,0.5,0.3,127.0,1,7.2,0
218,9.35,1.65,10,0,0,0,0,0.77,0.61,4.0,68.85245902,14.75409836,3.02,1239.9,900,1.0,8.862294107,0.5,1.0,177.8,1,7.2,0
30,7.61,1.91,8,0,0,0,0,3.2,7.352055808,5.0,47.38,17.67,0.978874495,399.3817123,500,1.0,20.0,0.1,0.2,177.8,1,6.8,1
184,7.61,1.91,8,1,0,0,0,0.93,6.36,2.6,49.52830189,27.98742138,1.048462834,1011.0,1000,4.0,3.0,1.0,2.0,127.0,1,8.8,1
61,7.83,1.83,6,0,0,0,0,3.899049689,9.036229985,4.0,55.4,23.6,1.04,425.3816359,700,2.0,2.0,0.5,2.5,177.8,1,7.65,0
312,7.83,1.83,6,0,0,1,0,6.98,0.83,3.36,70.0,20.0,1.052777327,104.0,900,1.0,6.234264733,0.1,0.8,127.0,1,6.8,1
25,7.69,1.9,10,0,0,0,0,1.34,1.1,4.0,40.8,35.5,1.01,230.0,1000,1.0,5.0,0.1,0.58,177.8,1,6.8,1
352,7.61,1.91,8,0,0,0,0,2.61,3.06,4.0,44.2,30.3,0.96,545.0,900,2.0,5.0,0.1,0.48,177.8,1,6.8,1
258,7.61,1.91,8,0,1,0,0,0.468573275,1.357246728,2.2,33.21637427,29.77777778,1.018978788,157.0,1100,3.0,4.209915213,0.1,0.701036469,177.8,1,6.8,1
522,0.0,0.0,0,0,1,0,0,0.0,2.791315906,0.0,37.56445,22.67203,1.1,826.5565936,1000,2.0,5.0,0.5,0.912054741,177.8,1,6.8,0
554,7.61,1.91,8,0,0,1,0,10.86985168,13.66198627,4.0,59.06151003,25.05279831,0.98,367.7219509,800,2.0,5.0,0.5,0.8,177.8,0,7.2,1
276,0.0,0.0,0,0,0,0,0,0.0,1.0745,0.0,25.07758566,35.80024067,2.6,321.0,700,3.0,3.470521156,0.5,0.589,177.8,0,7.5,1
160,7.83,1.83,6,1,0,0,0,2.8,6.8,3.4,2.702702703,91.89189189,1.530968767,772.0,900,3.0,5.0,0.5,0.3,177.8,1,7.2,0
656,7.54,1.93,10,1,0,0,0,0.096,9.496574089,3.0,51.16,30.23,1.04,1226.0,1000,1.0,4.458093109,0.1,0.858399521,25.0,1,6.8,0
155,7.83,1.83,6,1,0,0,0,2.1,4.453251285,4.0,44.41299366,0.0,1.269969796,1361.252988,1000,3.0,5.0,1.0,1.0,177.8,1,8.8,0
217,9.35,1.65,10,0,0,0,0,1.26,0.61,4.0,68.85245902,14.75409836,2.53,1154.0,800,1.0,9.116822747,0.5,1.0,177.8,1,7.2,0
12,7.81,1.88,7,0,0,0,0,4.54,8.265691229,5.0,41.13242312,19.65648581,1.148786719,583.2846909,800,2.0,2.0,0.2,0.3,177.8,1,7.0,1
75,7.83,1.83,6,0,0,0,0,1.782184718,5.814259386,3.0,38.95363026,25.22727273,0.943377209,435.9137655,800,1.0,20.0,0.5,0.2,177.8,1,7.2,0
381,0.0,0.0,0,0,0,1,0,0.0,9.13,0.0,27.4,45.3,0.48,113.0,800,1.0,10.16443995,0.1,2.0,177.8,1,6.8,1
350,7.83,1.83,6,0,0,1,0,1.6,4.6,4.0,49.8,26.7,1.43,1025.69,900,1.0,5.0,0.1,0.398,50.0,1,6.8,0
202,7.83,1.83,6,1,0,0,0,1.5,5.253291839,4.0,51.17412648,21.53045544,1.01619808,875.3609588,1050,1.0,5.171051374,1.0,1.0,177.8,1,8.8,0
187,7.61,1.91,8,1,0,0,0,0.72,11.37,2.7,63.67634125,21.63588391,1.001966825,893.0,900,4.0,3.0,1.0,2.0,127.0,1,8.8,2
255,7.61,1.91,8,0,1,0,0,1.841854557,5.112734201,2.6,17.39077374,24.68879668,0.985543626,354.0,800,3.0,4.837964598,0.1,0.606935766,177.8,1,6.8,1
641,7.61,1.91,8,0,0,0,0,0.15,4.631660988,4.0,27.28388567,0.0,0.99,836.0900211,800,2.800065296,4.546046089,0.1,0.5,177.8,1,6.8,1
336,7.61,1.91,8,1,0,0,0,11.19895523,9.623378082,4.0,51.21343545,0.0,1.040652481,592.6475487,600,2.0,5.0,0.5,1.0,127.0,1,7.2,1
82,7.61,1.91,8,0,1,0,0,0.5,7.6,3.8,39.82401656,12.37060041,1.106347103,567.4895172,900,2.0,5.0,0.1,1.0,177.8,1,6.8,1
209,7.83,1.83,6,0,1,0,0,1.54072305,3.683715873,8.0,35.0,6.0,1.15,692.6,950,0.333,10.0,0.5,1.0,127.0,0,7.2,0
34,7.61,1.91,8,0,0,0,1,2.7,8.07019133,4.0,70.0,13.19,1.04,521.7646216,800,2.0,5.186529766,0.5,1.0,177.8,1,7.2,1
224,7.83,1.83,6,0,0,0,1,2.14,11.93,4.0,46.85666387,0.0,1.159443124,358.3235956,900,1.0,3.0,0.1,0.3,127.0,1,6.8,0
71,7.61,1.91,8,0,0,1,0,2.14,4.054771776,4.0,56.95692026,13.73052246,0.91,113.21,1000,2.0,10.0,0.5,0.610493815,127.0,1,7.2,1
631,7.83,1.83,6,0,1,0,0,3.796292065,9.106835458,4.0,55.4,23.6,1.04,514.4677186,700,2.0,2.0,0.5,2.5,177.8,1,7.2,0
133,7.83,1.83,6,0,0,0,0,0.86,4.290813177,4.2,13.47037559,66.88622021,1.04,1009.0,900,2.0,5.0,0.5,2.0,127.0,1,7.2,0
469,0.0,0.0,0,0,0,0,1,0.0,1.16,0.0,5.172413793,0.0,0.97,15.0,1100,2.0,5.0,0.1,0.2,177.8,0,6.8,0
289,7.83,1.83,6,0,0,0,0,0.472466601,3.76344086,3.5,41.0,45.9,0.943136289,85.99306,900,1.0,30.0,0.1,0.75,50.0,0,6.8,1
363,7.83,1.83,6,0,1,0,0,1.82,4.606459434,5.0,28.0,11.0,1.22,1353.0,900,3.0,4.729955544,0.1,1.0,127.0,1,6.8,0
617,7.83,1.83,6,1,0,0,0,0.2,2.5,4.0,45.13388569,21.55679635,1.02,1156.6,1000,3.0,4.377526917,0.1,1.0,177.8,1,6.8,0
194,7.61,1.91,8,0,0,0,0,10.2,4.006305851,4.0,38.87367064,43.38543345,0.90784802,238.0,900,1.0,30.0,0.1,0.75,177.8,0,6.8,1
90,9.35,1.65,10,0,0,0,0,0.802576972,3.343683832,5.09298,39.51890034,35.3529699,0.61,796.4704091,1000,1.0,8.542872664,0.5,2.0,177.8,1,7.2,1
242,7.61,1.91,8,0,0,0,0,0.24,1.3,3.5,43.07692308,21.53846154,1.85339958,1564.0,850,2.0,10.0,0.5,2.0,177.8,1,7.2,1
418,0.0,0.0,0,0,0,0,0,0.0,3.00908,0.0,67.85163572,22.32775466,0.87,751.6779259,1000,1.0,8.101153998,0.1,0.4,177.8,1,6.8,2
589,0.0,0.0,0,1,0,0,0,0.0,2.03,0.0,16.55,35.44,1.188026372,779.3888711,1000,7.0,4.458864972,0.5,0.6,177.8,1,7.65,0
348,0.0,0.0,0,0,0,1,0,0.0,5.3,0.0,28.11320755,16.60377358,1.17,859.97,900,2.0,5.0,0.5,2.5,177.8,1,7.65,0
530,7.83,1.83,6,0,0,0,0,0.44,7.97,4.14,52.9,14.8,1.26,533.9821684,900,2.0,3.300419657,0.1,0.742135859,177.8,1,6.8,0
179,7.61,1.91,8,0,0,1,0,2.28,7.679501339,4.0,61.3,17.9,1.014154853,390.0718363,650,3.0,5.0,0.5,0.5,177.8,1,7.3,1
466,0.0,0.0,0,0,0,0,1,0.0,4.55,0.0,23.73626374,38.68131868,1.33,802.0,1000,2.0,5.0,0.1,0.2,177.8,0,6.8,0
309,7.61,1.91,8,1,0,0,0,5.51,7.817211967,3.79,52.2,21.2,1.027354606,882.3579746,1000,3.0,5.0,0.5,3.0,177.8,1,7.33,1
377,0.0,0.0,0,0,0,1,0,0.0,8.67,0.0,9.2,5.9,0.74,418.0,900,1.060083432,8.830871153,0.1,5.0,177.8,1,6.8,1
421,0.0,0.0,0,1,0,0,0,0.0,1.2,0.0,19.16666667,6.666666667,0.832,1188.0,1100,2.0,5.0,0.1,0.5,177.8,0,6.8,0
254,7.61,1.91,8,0,1,0,0,2.267041901,7.551594747,4.1,8.854891052,21.04775151,1.121643445,378.0,700,3.0,4.228338805,0.1,0.64773859,177.8,1,6.8,1
516,7.61,1.91,8,0,0,0,0,1.0,1.45,4.0,54.23719,15.32941,1.534502868,953.8692465,950,2.0,6.003049765,0.1,1.414,177.8,0,6.8,1
27,7.61,1.91,8,0,0,1,0,1.49,6.327286299,4.0,49.1,23.6,1.120982132,673.0,800,5.0,5.0,0.5,0.35,177.8,1,7.2,1
540,0.0,0.0,0,0,0,0,0,0.0,17.8,0.0,52.00232,22.44999,1.154804692,406.0,900,2.0,2.0,0.1,1.0,177.8,1,6.8,1
273,0.0,0.0,0,0,0,0,0,0.0,0.73113,0.0,26.35439324,9.747584602,2.6,309.0,900,3.0,3.417064776,0.5,0.589,177.8,0,7.5,2
305,8.3,2.2,10,0,0,0,1,2.95,6.736730952,3.5,42.12796898,9.335918565,1.118881966,414.8779231,900,2.0,3.0,0.5,0.2,177.8,1,7.2,0
449,0.0,0.0,0,0,1,0,0,0.0,4.54,0.0,32.37885463,6.167400881,0.979,1382.0,900,2.0,5.0,0.1,0.5,177.8,1,6.8,0
134,7.83,1.83,6,0,0,0,0,0.2,3.769611316,4.4,31.50900846,11.01142123,1.04,1014.0,1000,2.0,5.0,0.5,2.0,127.0,1,7.2,0
633,7.83,1.83,6,0,1,0,0,0.045597407,6.634422786,4.0,38.0,18.9,0.97,624.1757222,900,2.0,2.0,0.5,2.5,177.8,1,7.2,0
393,7.83,1.83,6,0,0,0,0,0.52,0.461817582,4.0,33.22709163,18.0876494,0.65,204.0,1000,1.0,20.0,0.5,0.5,177.8,0,7.3,0
510,0.0,0.0,0,0,0,0,0,0.0,5.163621961,0.0,33.23,32.31,1.03,1000.0,910,3.0,2.0,0.5,1.0,177.8,1,7.3,0
523,0.0,0.0,0,0,1,0,0,0.0,2.57687548,0.0,10.31427,37.26587,0.940804046,631.4001476,1100,2.0,5.0,0.5,0.372746153,177.8,1,6.8,0
238,7.4,1.55,5,0,1,0,0,5.0,6.22,3.0,38.68594834,29.66647162,1.137967718,345.0,900,3.0,5.064324325,0.1,0.785,177.8,0,6.8,0
497,7.83,1.83,6,0,0,0,0,1.948629971,2.311165779,4.0,74.01960784,11.2745098,0.931,160.0,800,2.0,2.0,0.1,2.0,177.8,1,6.8,1
204,7.83,1.83,6,0,1,0,0,1.616423984,3.706157115,4.0,29.5,10.0,1.046333642,365.9,950,0.167,10.0,0.1,1.0,127.0,0,6.8,0
388,7.69,1.9,10,1,0,0,0,1.4,6.394900491,4.0,46.83293657,36.57863706,0.983265349,653.9103078,1050,1.0,5.0,0.1,2.0,177.8,1,6.8,1
250,7.61,1.91,8,0,0,0,0,4.43,3.2,3.5,63.22647272,23.95245106,1.524454607,1564.0,650,2.0,10.0,1.0,2.0,177.8,1,13.8,0
470,7.61,1.91,8,0,0,1,0,4.943806424,12.26278941,4.0,47.78,16.73,0.94,310.6,700,2.0,2.0,0.5,0.2,177.8,0,7.3,1
372,0.0,0.0,0,0,0,0,1,0.0,21.4,0.0,61.0,0.0,1.181758692,144.0,850,1.0,3.0,0.1,0.5,127.0,1,6.8,0
428,0.0,0.0,0,1,0,0,0,0.0,12.42350061,0.0,53.44827586,51.51515152,1.12,740.0,700,4.0,2.0,0.1,4.0,177.8,1,7.2,2
18,7.61,1.91,8,0,0,0,0,0.14,6.47,4.0,39.5,7.2,1.05,445.0,800,5.0,2.0,0.5,0.255,177.8,0,7.2,1
222,9.35,1.65,10,0,0,0,0,0.1,0.56,4.0,60.71428571,7.142857143,3.11,1402.4,1000,1.0,8.94667927,0.5,1.0,177.8,1,7.2,0
373,0.0,0.0,0,0,0,0,1,0.0,14.1,0.0,72.0,0.0,1.103740847,197.0,950,1.0,3.0,0.1,0.5,127.0,1,6.8,0
527,0.0,0.0,0,0,0,0,0,0.0,1.11,0.0,19.8,1.8,1.0,925.1,1000,2.0,5.0,0.1,1.2,177.8,1,6.8,1
544,7.83,1.83,6,0,0,0,0,0.74,20.4,4.2,50.62483,13.84702,1.28,382.0,900,2.0,2.0,1.0,1.0,177.8,1,8.8,0
325,0.0,0.0,0,1,0,0,0,0.0,11.07004857,0.0,37.94021294,35.32964783,1.05,515.7913819,800,1.0,5.0,0.1,0.8,177.8,1,6.8,1
359,7.61,1.91,8,0,0,1,0,1.58,3.708867819,4.0,30.97460792,10.660941,2.94,1171.0,900,2.0,5.0,0.5,0.4,177.8,1,7.3,1
495,7.83,1.83,6,0,0,0,0,1.704145045,3.161637517,4.0,68.68327402,7.829181495,0.94,169.0,800,2.0,2.0,0.1,2.0,177.8,1,6.8,0
594,0.0,0.0,0,0,0,0,0,0.0,8.553881483,0.0,51.8317692,36.44768856,1.167390528,493.8120933,900,1.0,3.0,0.1,0.380964268,177.8,0,6.8,0
144,0.0,0.0,0,0,0,0,0,0.0,2.2,0.0,46.6,31.1,1.253591581,639.3289922,25,24.0,0.0,0.1,0.3,177.8,0,6.8,2
122,7.83,1.83,6,1,0,0,0,0.38,5.413578309,4.0,56.7,31.2,0.94,550.1995086,1000,1.0,9.316550049,0.5,0.5,177.8,0,7.2,0
457,0.0,0.0,0,0,0,1,0,0.0,2.8,0.0,31.80551191,25.94593499,0.62,727.1162977,850,1.302028925,8.90381144,0.1,0.5,50.0,1,6.8,2
114,7.61,1.91,8,0,0,0,1,0.41,6.19,4.0,42.85714286,22.36842105,1.1,691.4184748,900,2.0,5.294910496,0.5,1.0,177.8,1,7.2,1
503,7.83,1.83,6,0,0,1,0,0.98339719,3.173690932,12.0,48.24,15.14,1.23,469.6,850,2.0,3.0,0.5,0.3,177.8,0,7.3,1
52,7.83,1.83,6,0,0,0,0,0.4,3.770429861,4.0,24.1,16.53,1.033348485,742.0,1000,1.0,5.779426014,0.5,0.5,177.8,0,7.2,0
308,7.81,1.88,7,1,0,0,0,0.7,8.589306268,3.7,53.95465995,0.0,1.02,638.0,900,2.0,3.0,1.0,0.32,177.8,0,8.8,0
219,9.35,1.65,10,0,0,0,0,0.1,0.61,4.0,68.85245902,14.75409836,3.11,1402.4,1000,1.0,8.863592753,0.5,1.0,177.8,1,7.2,0
236,0.0,0.0,0,0,0,0,0,0.0,4.998423688,0.0,25.17482517,48.85114885,1.110756859,688.0,975,0.75,5.021653435,0.1,0.4,177.8,0,7.5,0
668,7.61,1.91,8,0,1,0,0,0.5,2.82,3.0,18.70089052,53.61445783,1.115415125,458.0,1000,2.0,5.0,0.5,1.0,177.8,1,7.2,1
56,7.61,1.91,8,0,0,0,1,1.79,7.03542074,4.2,53.0,42.6,1.23,842.3380922,800,2.0,10.0,0.5,1.0,177.8,1,7.2,1
340,7.25,2.02,10,0,0,1,0,1.52,5.31897192,3.8,31.58645034,7.446880728,1.05,337.01,900,1.0,5.0,0.5,0.4,177.8,1,7.2,1
147,7.61,1.91,8,1,0,0,0,38.0,16.4,0.64,74.97385849,25.02614151,1.02,150.1,550,2.0,5.0,0.5,1.0,127.0,1,7.2,1
519,0.0,0.0,0,1,0,0,0,0.0,2.962409759,0.0,45.90626765,0.0,0.94,767.497302,1100,1.0,7.559285436,0.1,0.6,127.0,1,6.8,1
208,7.83,1.83,6,0,1,0,0,0.730148612,3.641154155,8.0,35.0,6.0,1.142748564,721.3,950,0.333,10.0,0.1,1.0,127.0,0,6.8,0
573,7.83,1.83,6,0,0,0,1,1.8,4.191095283,5.1,61.03896104,29.09090909,0.95,1358.5,400,2.0,3.0,0.1,1.0,177.8,1,7.0,1
77,7.4,1.55,5,0,1,0,0,0.44,8.2,4.0,38.0,43.9,1.7,938.0,900,2.0,2.0,0.1,0.76,177.8,0,6.8,0
574,7.83,1.83,6,0,0,0,1,1.8,4.490812831,5.1,61.65048544,30.33980583,0.85,1342.3,400,2.0,3.0,0.1,1.0,177.8,1,7.0,0
328,7.69,1.9,10,1,0,0,0,2.26,13.48351981,3.3,62.29,15.31,1.31,1031.3,900,3.0,5.0,0.1,1.5,127.0,1,6.8,0
569,0.0,0.0,0,0,0,0,1,0.0,2.724888838,0.0,34.72803347,44.76987448,0.95,1358.5,400,3.0,3.0,0.1,1.0,177.8,1,7.0,1
102,0.0,0.0,0,0,0,1,0,0.0,9.8,0.0,52.67549669,29.85430464,0.799838543,271.0,600,1.0,8.75516672,0.5,0.167,177.8,1,7.2,1
57,7.61,1.91,8,0,0,0,1,1.57,7.578526301,3.7,78.1,16.9,1.09,502.4206011,800,2.0,10.0,0.5,1.0,177.8,1,7.2,0
212,7.61,1.91,8,0,0,1,0,4.04,5.727205076,4.0,48.90811356,16.67226608,1.025313305,598.6377937,1000,2.0,5.0,0.5,0.8,177.8,1,7.2,1
538,7.61,1.91,8,0,0,0,0,14.18,4.72,7.1,42.27991411,38.3954714,0.93,500.8,1000,1.0,9.91605894,0.1,0.833,177.8,1,6.8,2
477,0.0,0.0,0,0,0,0,1,0.0,13.8,0.0,52.0,0.0,1.2,160.0,900,1.0,2.221962136,0.1,0.8,127.0,1,6.8,0
646,7.61,1.91,8,0,0,1,0,2.0,9.277295795,4.0,88.45875543,5.76803804,1.010110555,321.0653725,500,1.33,60.0,0.5,1.0,177.8,1,7.3,0
396,7.83,1.83,6,0,0,0,1,0.26,3.209259081,5.0,8.0,18.18181818,1.25,897.0,1000,2.0,5.0,0.1,1.0,177.8,1,6.8,0
490,0.0,0.0,0,0,0,0,1,0.0,9.046223958,0.0,23.42158859,18.73727088,1.05,497.7209627,900,2.0,5.0,0.1,0.4,177.8,0,6.8,0
514,7.61,1.91,8,0,0,0,0,1.0,0.25,4.0,35.93206,10.67799,1.754061917,947.8462306,850,2.0,7.011123953,0.1,1.414,177.8,0,6.8,1
651,0.0,0.0,0,0,1,0,0,0.0,4.09,0.0,29.0,28.0,0.96,368.0,1000,2.0,2.0,0.5,1.0,127.0,1,7.3,1
515,7.61,1.91,8,0,0,0,0,1.0,0.54,4.0,40.1734,7.66749,1.644115078,926.6043544,900,2.0,6.913061896,0.1,1.414,177.8,0,6.8,1
333,7.61,1.91,8,1,0,0,0,13.18585375,10.65163902,4.0,58.69083197,0.0,1.020776112,601.1285316,450,2.0,5.0,0.5,1.0,127.0,1,7.2,1
625,7.81,1.88,7,0,0,0,0,1.6,7.785499333,4.0,51.32496513,15.34170153,1.06,626.0,800,3.0,3.0,0.1,0.2,177.8,1,6.8,1
100,7.61,1.91,8,1,0,0,0,1.89,7.034796702,3.7,45.01686879,39.81034011,1.04919271,113.0,1000,2.0,5.0,0.5,0.8,177.8,1,7.2,1
654,7.61,1.91,8,0,1,0,0,1.03,2.91,4.0,41.0,24.0,0.87,91.0,100,2.0,2.0,0.5,1.0,127.0,1,7.3,1
605,7.61,1.91,8,0,1,0,0,0.199,2.81,3.5,25.5,2.83,1.019782918,57.0,1000,1.0,5.0,0.5,0.3,177.8,1,7.2,1
585,0.0,0.0,0,1,0,0,0,0.0,2.17,0.0,30.59639,20.66434,1.237721561,993.7527585,900,5.0,4.267036846,0.5,0.6,177.8,1,7.65,0
390,7.69,1.9,10,1,0,0,0,1.4,6.394900491,4.0,46.83293657,36.57863706,0.983265349,653.9103078,1050,1.0,5.0,0.1,2.0,177.8,1,6.8,0
521,0.0,0.0,0,0,1,0,0,0.0,2.777734888,0.0,28.64251,29.0627,1.010342001,669.1585008,900,2.0,5.0,0.5,0.48541599,177.8,1,6.8,0
10,7.81,1.88,7,0,0,0,0,3.82,8.900250026,5.0,40.73171633,18.40244602,1.155020745,529.4640969,400,2.0,2.0,0.2,0.3,177.8,1,7.0,1
235,9.35,1.65,10,0,0,0,0,0.42,5.126426228,4.0,38.23823824,30.43043043,1.0354602,690.0,975,0.75,5.974074009,0.1,0.4,177.8,0,7.5,1
246,7.61,1.91,8,0,0,0,0,1.99,5.2,3.5,58.22647272,28.95245106,1.707643396,1564.0,650,2.0,10.0,0.5,2.0,177.8,1,7.2,1
358,7.61,1.91,8,0,0,1,0,1.98,3.263535795,4.0,30.29908973,10.64319296,2.41,1066.0,900,2.0,5.0,0.5,0.4,177.8,1,7.3,1
639,7.61,1.91,8,0,0,0,1,2.62,6.72,4.0,42.68,35.41,1.492415018,1535.0,900,2.0,5.0,0.5,1.06507923,177.8,1,7.2,1
351,0.0,0.0,0,0,0,0,0,0.0,6.0,0.0,65.0,20.0,1.230061074,514.2401159,200,10.0,2.893886159,1.0,0.316884864,177.8,1,13.8,0
87,9.35,1.65,10,0,0,0,0,2.560062091,9.614884273,4.18397,49.18032787,45.89968524,0.95,495.264182,700,1.0,7.31515653,0.5,2.0,177.8,1,7.2,0
640,7.61,1.91,8,0,0,0,1,2.63,4.67,4.0,48.72,34.7,1.063060347,103.0,900,2.0,5.0,0.5,0.701392981,177.8,1,7.2,0
666,8.95,1.69,10,0,0,0,0,6.7,11.03143536,4.0,57.3,5.1,0.98,510.5,850,1.0,1.0,0.5,1.5,177.8,1,7.2,1
586,0.0,0.0,0,1,0,0,0,0.0,2.07,0.0,25.5336,23.72945,1.16,960.9972491,1000,5.0,4.609766868,0.5,0.6,177.8,1,7.65,0
193,7.83,1.83,6,0,0,0,0,1.05,6.525016676,4.0,37.97622264,37.66549581,1.009072311,634.0,900,1.0,30.0,0.1,0.75,177.8,0,6.8,0
456,0.0,0.0,0,0,0,1,0,0.0,3.9,0.0,16.54620315,9.869425612,0.72,737.1886996,950,1.621032894,7.998993737,0.1,0.5,50.0,1,6.8,2
227,6.74,1.66,5,0,0,0,1,2.22,12.51,4.0,48.76099121,0.0,1.157340995,313.9293573,900,1.0,3.0,0.1,0.3,127.0,1,6.8,1
93,7.83,1.83,6,1,0,0,0,3.721434048,4.886824379,4.4,43.80952381,17.07833765,0.91,1032.99823,900,1.0,10.0,0.1,0.4,127.0,1,6.8,0
150,7.61,1.91,8,1,0,0,0,5.2,19.92,4.0,68.16499207,31.83500793,0.972337263,144.8,550,2.0,5.0,0.5,1.0,127.0,1,7.2,1
9,7.61,1.91,8,0,0,0,0,3.32,5.670090774,5.0,48.50708628,21.58439382,1.090291443,612.8703852,25,24.0,2.0,0.2,0.3,177.8,1,7.0,1
140,7.83,1.83,6,0,0,0,1,3.28,7.509832905,4.0,40.0455298,49.57057119,0.98,331.2623194,900,1.0,3.0,0.5,0.1,177.8,1,7.2,0
53,7.81,1.88,7,0,0,0,0,0.35,3.773592546,4.0,20.39,19.1,1.062521486,559.0,1000,1.0,5.080985566,0.5,0.5,177.8,0,7.2,1
172,7.61,1.91,8,0,0,0,0,3.769866261,9.215065035,4.0,48.32413249,28.3714511,1.07430794,304.0,900,2.0,3.0,0.5,0.1,177.8,0,7.3,2
366,7.83,1.83,6,0,1,0,0,1.82,4.606459434,5.0,28.0,11.0,1.22,1353.0,900,3.0,4.305834803,1.0,1.0,127.0,1,8.8,0
320,7.61,1.91,8,1,0,0,0,4.211922203,8.64170245,3.9,55.22198194,24.28444218,1.067551483,789.0,900,2.0,5.0,0.5,1.0,177.8,1,7.2,1
398,7.83,1.83,6,1,0,0,0,1.93,4.88,4.0,49.59016393,39.75409836,0.99,1235.0,1000,1.0,2.0,0.5,0.1,127.0,1,7.2,0
489,7.83,1.83,6,0,0,0,0,0.3,4.03,4.0,39.6,8.0,1.16,732.7,900,2.0,5.0,0.1,0.57,50.8,0,6.8,0
191,7.61,1.91,8,1,0,0,0,2.07,7.29,2.7,53.6351166,29.76680384,1.109732707,923.0,1000,4.0,3.0,1.0,0.226,127.0,1,8.8,1
269,9.35,1.65,10,1,0,0,0,4.0,9.51,4.0,46.64767966,20.44955542,1.127249137,858.9,950,2.0,5.0,0.1,0.6,177.8,0,6.8,0
156,7.81,1.88,7,1,0,0,0,2.2,5.592864748,4.0,56.47655573,0.0,1.130457013,907.646741,1000,3.0,5.0,0.5,0.4,177.8,1,7.2,0
19,7.61,1.91,8,0,0,0,0,0.26,6.86,4.0,28.8,16.5,1.01,878.0,800,5.0,2.0,0.5,0.255,177.8,0,7.2,1
661,7.37,1.96,10,1,0,0,0,1.8,5.337353956,4.3,26.31,8.65,1.05079626,581.3,950,2.0,4.93563137,0.1,1.0,177.8,1,6.8,1
230,7.4,1.55,5,0,0,0,0,0.74,5.552526384,4.0,40.8,28.7,1.002118741,542.0,975,0.75,5.313578716,0.1,0.4,177.8,0,7.5,1
331,0.0,0.0,0,1,0,0,0,0.0,4.509597686,0.0,31.59,16.87,1.18,1489.4,1100,3.0,5.0,0.1,1.5,127.0,1,6.8,1
611,7.81,1.88,7,0,0,0,1,3.69,12.47168957,3.8,40.82882883,33.94594595,1.048932249,665.9105978,700,2.0,5.0,0.5,1.0,177.8,1,7.3,0
4,7.61,1.91,8,1,0,0,0,1.75,4.94,4.0,46.79,16.83,0.92,451.0,800,2.0,5.333,0.5,0.3,127.0,1,7.2,1
362,7.83,1.83,6,0,1,0,0,1.82,4.606459434,5.0,28.0,11.0,1.22,1353.0,900,3.0,3.949757669,0.1,0.2,127.0,1,6.8,0
137,7.61,1.91,8,0,0,0,1,3.28,7.673110024,4.0,54.35094773,31.66283745,0.98,261.0,900,1.0,3.0,1.0,0.1,177.8,1,8.8,1
536,7.61,1.91,8,0,0,0,0,4.26,3.49,3.4,33.12115891,44.35908692,0.97,912.8,1000,1.0,7.628880694,0.1,0.833,177.8,1,6.8,2
297,7.37,1.96,10,0,1,0,0,16.24969381,2.370282849,4.0,24.8,0.0,1.3,763.4571952,1000,2.0,3.0,0.1,0.325,177.8,1,6.8,0
547,7.83,1.83,6,0,0,0,0,1.64,7.59719352,4.0,38.57,20.97,1.022,483.9650926,800,2.0,5.0,0.5,1.0,177.8,1,7.2,0
183,7.61,1.91,8,0,0,0,0,0.52,6.575740364,3.9,40.25185773,16.42180498,1.27,477.7384348,800,1.0,2.3,0.5,0.626819737,177.8,1,7.2,1
436,0.0,0.0,0,0,0,0,0,0.0,7.554161916,0.0,44.4,29.8,0.89,655.0,900,2.0,5.0,0.1,1.0,177.8,0,6.8,0
430,0.0,0.0,0,1,0,0,0,0.0,6.608,0.0,38.67897437,31.14854384,1.01,650.0,900,3.0,4.364918119,0.5,1.0,177.8,1,7.3,0
