index_label,Relative Atomic Mass,Atomic Number,Ionization Potential,Electronegativity,Number of d electrons,ZIF or MOF Derived,Hard or Soft Templated,Graphene/Carbon Nanosheets or other 2D Structures,Polymer Derived,Carbon Nanofiber/Nanotubes,Carbon Black Derived,Biomass or other Organic Derived,Main Transition Metal Content (wt. %),Nitrogen Cotent (wt. %),Metal-N Coordination Number (XAS),Pyridinic N Ratio,Pyrrolic N Ratio,Graphitic N Ratio,Oxidized N Ratio,Raman ID/IG Ratio,BET Surface Area (m2/g),Acid Wash,Pyrolysis Temperature (°C),Pyrolysis Time (h),Rising Rate (°C min-1),Flow Cell/H-type Cell,Electrolyte Concentration (M),Catalyst Loading (mg cm-2),Nafion Membrane Thickness (μm),Carbon Paper/Glassy Carbon,Electrode Area cm2,Electrolyte pH
192,0.0,0,0.0,0.0,0,0,0,0,0,0,1,0,0.0,7.494086279,0.0,27.11420385,50.1023332,7.638149816,15.14531314,0.911023129,174.0,1,900,1.0,30.0,0,0.1,0.75,177.8,0,1.0,6.8
596,58.693,28,7.61,1.91,8,0,0,0,0,1,0,0,2.575564413,3.682605258,4.0,49.87206,38.70668,11.42126,0.0,1.400152352,926.5577653,1,700,0.5,2.0,0,0.5,0.634673102,127.0,1,1.070833468,7.2
42,63.546,29,7.69,1.9,10,0,0,0,0,0,0,1,0.32,4.248554465,4.0,46.378,48.64,0.0,4.98,1.02,610.1,1,900,1.0,5.0,0,0.1,0.8,50.0,1,1.0,6.8
96,55.845,26,7.83,1.83,6,1,0,0,0,0,0,0,2.835854416,5.319885644,4.4,44.44444444,17.74625447,49.29006085,0.0,1.04,622.18399,0,900,1.0,10.0,0,0.1,0.4,127.0,1,0.25,6.8
415,0.0,0,0.0,0.0,0,0,0,1,0,0,0,0,0.0,6.28641,0.0,50.65180286,35.36454033,13.98365681,0.0,0.75,572.7873996,0,700,1.0,8.855748061,0,0.1,0.4,177.8,1,3.8,6.8
469,0.0,0,0.0,0.0,0,0,0,0,0,0,0,1,0.0,1.16,0.0,5.172413793,0.0,70.68965517,24.13793103,0.97,15.0,0,1100,2.0,5.0,0,0.1,0.2,177.8,0,1.0,6.8
638,0.0,0,0.0,0.0,0,0,0,0,0,0,0,1,0.0,1.23,0.0,27.99,51.79,10.93,9.29,1.359341797,2801.0,1,900,2.0,5.0,0,0.5,0.857069373,177.8,1,1.0,7.2
565,55.845,26,7.83,1.83,6,0,1,0,0,0,0,0,3.4,3.4,4.0,44.4,4.7,38.8,12.1,1.119818719,547.6286857,1,900,2.0,5.0,0,0.5,1.0,127.0,0,1.0,7.2
643,58.93,27,7.81,1.88,7,0,0,0,0,0,1,0,2.2,1.11,8.0,25.43142598,3.633060854,61.21707539,9.718437784,1.02,318.0000421,1,800,2.5,5.0,0,0.1,0.675492526,177.8,1,1.0,6.8
350,55.845,26,7.83,1.83,6,0,0,0,0,1,0,0,1.6,4.6,4.0,49.8,26.7,23.5,0.0,1.43,1025.69,1,900,1.0,5.0,0,0.1,0.398,50.0,1,1.0,6.8
214,58.693,28,7.61,1.91,8,0,0,0,0,1,0,0,7.18,5.727205076,4.0,48.90811356,16.67226608,15.70636654,18.71325382,1.022260723,620.4287328,0,1000,2.0,5.0,0,0.5,0.8,177.8,1,0.5,7.2
356,55.845,26,7.83,1.83,6,1,0,0,0,0,0,0,1.89,4.5,4.0,36.53056966,17.15239619,46.31703415,0.0,1.37780633,1090.0,0,1000,1.0,5.0,0,0.5,0.459,177.8,0,0.78539,7.3
583,55.845,26,7.83,1.83,6,0,0,0,0,0,0,1,4.7,6.7,4.0,56.0,20.0,18.0,6.0,1.1,825.7289563,0,900,1.967713969,4.933231485,0,0.5,1.0,127.0,1,1.0,7.2
295,58.693,28,7.61,1.91,8,0,0,0,1,0,0,0,5.0,5.143888143,4.0,44.54040716,0.0,55.45959284,0.0,1.230259538,728.7335531,1,750,2.0,3.0,0,1.0,0.2,177.8,0,2.0,8.8
468,0.0,0,0.0,0.0,0,0,0,0,0,0,0,1,0.0,1.65,0.0,18.78787879,15.75757576,30.3030303,35.15151515,1.13,148.0,0,1200,2.0,5.0,0,0.1,0.2,177.8,0,1.0,6.8
482,55.845,26,7.83,1.83,6,1,0,0,0,0,0,0,0.856793146,10.70991432,4.4,52.17496108,27.93663213,16.04675929,3.841647501,1.01,1050.0,1,900,4.0,2.0,0,0.1,4.0,177.8,1,12.5,6.8
85,55.845,26,7.83,1.83,6,1,0,0,0,0,0,0,0.458155678,2.655390688,4.0,49.22,0.0,48.34,10.72,0.95,646.0,0,1100,1.0,7.216868558,0,0.1,0.6,127.0,1,1.0,6.8
305,106.42,46,8.3,2.2,10,0,0,0,0,0,0,1,2.95,6.736730952,3.5,42.12796898,9.335918565,25.11391178,23.42220068,1.118881966,414.8779231,0,900,2.0,3.0,0,0.5,0.2,177.8,1,1.0,7.2
452,0.0,0,0.0,0.0,0,0,0,1,0,0,0,0,0.0,2.965526163,0.0,25.19083969,6.488549618,50.76335878,17.55725191,1.0,487.5,1,1000,3.0,5.0,0,0.5,0.35,177.8,1,1.0,7.3
349,0.0,0,0.0,0.0,0,0,0,0,0,1,0,0,0.0,3.28,0.0,15.85365854,21.95121951,33.84146341,28.35365854,1.07,743.45,1,1000,2.0,5.0,0,0.5,2.5,177.8,1,1.0,7.65
369,0.0,0,0.0,0.0,0,0,0,0,0,1,0,0,0.0,2.05,0.0,58.7,33.9,7.4,0.0,0.744,589.7285918,0,500,3.0,5.0,0,0.5,0.3537,177.8,0,5.0,7.3
427,0.0,0,0.0,0.0,0,1,0,0,0,0,0,0,0.0,18.72693727,0.0,53.44827586,33.33333333,9.770114943,3.448275862,1.04,488.0,1,700,4.0,2.0,0,0.1,4.0,177.8,1,12.5,7.2
456,0.0,0,0.0,0.0,0,0,0,0,0,1,0,0,0.0,3.9,0.0,16.54620315,9.869425612,73.58437124,0.0,0.72,737.1886996,0,950,1.621032894,7.998993737,0,0.1,0.5,50.0,1,3.8,6.8
15,58.693,28,7.61,1.91,8,0,1,0,0,0,0,0,0.37,4.32,4.5,26.7,15.9,57.3,0.0,1.05,1220.0,0,800,5.0,2.0,0,0.5,0.255,177.8,0,0.785,7.2
508,58.93,27,7.81,1.88,7,0,0,0,1,0,1,0,7.381115826,3.036070894,4.0,48.0,10.0,39.0,3.0,3.01,1056.73628,1,800,3.0,5.0,0,0.5,1.291540442,177.8,0,0.503,7.2
267,55.845,26,7.83,1.83,6,1,0,0,0,0,0,0,2.7,5.71,4.0,46.25958761,18.06952884,17.78065544,17.89022811,1.072196267,583.1,0,950,2.0,5.0,0,0.1,0.6,177.8,0,1.0,6.8
480,0.0,0,0.0,0.0,0,0,0,0,0,0,1,0,0.0,4.465892361,0.0,33.33333333,33.33333333,22.30769231,11.02564103,1.181401152,1494.0,0,950,0.5,10.0,0,0.1,5.0,177.8,0,1.0,6.8
570,55.845,26,7.83,1.83,6,0,0,0,0,0,0,1,1.8,4.059706134,4.0,59.51742627,31.09919571,7.774798928,1.608579088,0.95,1358.5,0,100,2.0,3.0,0,0.1,1.0,177.8,1,1.0,7.0
22,58.693,28,7.61,1.91,8,0,0,0,0,0,1,0,1.25,1.46,3.4,41.7,34.2,13.5,10.3,1.02,228.0,0,1000,1.0,5.0,0,0.1,0.58,177.8,1,1.0,6.8
288,55.845,26,7.83,1.83,6,0,0,0,0,0,1,0,0.4726206,3.308344198,4.0,37.8,44.1,13.0,5.1,0.95753241,55.93264,1,900,1.0,30.0,0,0.1,0.75,50.0,0,1.0,6.8
337,58.693,28,7.61,1.91,8,1,0,0,0,0,0,0,0.85,3.572951448,3.0,43.18047045,22.29689662,21.308559,13.21407393,0.97,821.0,0,700,1.0,5.0,0,0.5,0.6,177.8,1,1.0,7.2
558,55.845,26,7.83,1.83,6,0,1,0,0,0,0,0,1.45,6.916123425,4.0,41.39,15.22,40.78,2.62,1.039780453,324.8,1,900,1.0,6.499653248,0,0.5,1.0,127.0,0,0.785,7.2
529,0.0,0,0.0,0.0,0,0,0,1,0,0,0,0,0.0,7.87,0.0,44.8,19.6,27.5,7.9,1.26,392.5035888,0,100,2.0,2.966364132,0,0.1,0.705314869,177.8,1,1.144353156,6.8
339,65.38,30,9.35,1.65,10,1,0,0,0,0,0,0,6.64,8.042909242,3.0,62.15550423,14.67282525,23.17167052,0.0,0.99,988.0,0,900,2.0,5.0,0,0.5,0.6,177.8,1,1.0,7.2
97,55.845,26,7.83,1.83,6,1,0,0,0,0,0,0,2.699121677,4.613305031,4.6,42.82608696,14.64080544,56.17585485,0.0,0.95,513.05528,0,700,1.0,10.0,0,0.1,0.4,127.0,1,0.25,6.8
207,0.0,0,0.0,0.0,0,0,0,0,1,0,0,0,0.0,4.306736035,0.0,24.0,5.0,65.0,6.0,1.196324212,770.8,1,900,3.0,3.0,0,0.1,1.0,127.0,0,1.0,6.8
343,58.693,28,7.61,1.91,8,0,1,0,1,0,0,0,1.09,2.23,3.7,48.04671,26.34905,24.73837,0.0,1.031,1414.1,1,1000,1.0,2.0,1,0.5,0.6,177.8,1,1.5,7.4
589,0.0,0,0.0,0.0,0,1,0,0,0,0,0,0,0.0,2.03,0.0,16.55,35.44,33.33,15.29,1.188026372,779.3888711,0,1000,7.0,4.458864972,0,0.5,0.6,177.8,1,1.0,7.65
536,58.693,28,7.61,1.91,8,0,0,1,0,0,0,0,4.26,3.49,3.4,33.12115891,44.35908692,0.0,22.51975417,0.97,912.8,0,1000,1.0,7.628880694,0,0.1,0.833,177.8,1,0.3,6.8
441,58.693,28,7.61,1.91,8,0,1,0,0,0,0,0,2.488518807,4.972270336,4.0,37.56243756,39.56043956,2.097902098,20.77922078,0.91,829.0,1,900,2.0,5.0,0,0.1,0.5,177.8,1,1.0,6.8
194,58.693,28,7.61,1.91,8,0,0,0,0,0,1,0,10.2,4.006305851,4.0,38.87367064,43.38543345,7.694166935,10.04672897,0.90784802,238.0,1,900,1.0,30.0,0,0.1,0.75,177.8,0,1.0,6.8
6,55.845,26,7.83,1.83,6,0,0,1,0,0,0,0,5.044,4.884,4.0,61.92,21.76,13.81,2.51,1.03,651.9364056,0,25,24.0,0.0,0,0.1,0.2,177.8,1,1.0,6.8
144,0.0,0,0.0,0.0,0,0,0,1,0,0,0,0,0.0,2.2,0.0,46.6,31.1,17.5,4.8,1.253591581,639.3289922,1,25,24.0,0.0,0,0.1,0.3,177.8,0,2.0,6.8
421,0.0,0,0.0,0.0,0,1,0,0,0,0,0,0,0.0,1.2,0.0,19.16666667,6.666666667,7.5,66.66666667,0.832,1188.0,0,1100,2.0,5.0,0,0.1,0.5,177.8,0,1.0,6.8
424,0.0,0,0.0,0.0,0,0,1,0,0,0,0,0,0.0,7.2,0.0,26.39,54.16,19.44,0.0,2.7,1000.0,1,750,3.0,1.0,0,0.1,0.5,177.8,1,1.0,6.8
605,58.693,28,7.61,1.91,8,0,0,0,1,0,1,0,0.199,2.81,3.5,25.5,2.83,50.9,20.8,1.019782918,57.0,1,1000,1.0,5.0,0,0.5,0.3,177.8,1,1.0,7.2
616,58.693,28,7.61,1.91,8,0,0,1,0,0,0,0,1.410734555,1.362088536,4.0,62.47765463,20.96889524,12.93350018,3.619949946,0.944578467,513.8919597,0,800,1.0,10.0,0,0.5,1.0,177.8,1,1.0,7.3
667,112.411,48,8.95,1.69,10,0,0,1,0,0,0,0,3.5,9.442286651,4.0,49.2,4.9,45.9,0.0,0.93,615.9,0,850,2.0,1.0,0,0.5,1.5,177.8,1,1.0,7.2
279,63.546,29,7.69,1.9,10,0,0,1,0,0,0,0,1.4,4.776087741,3.7,16.70945418,20.57149235,14.14220337,48.57685009,1.124477534,673.0,1,900,1.0,5.0,0,0.1,0.5,177.8,0,1.5,6.8
472,58.693,28,7.61,1.91,8,0,0,0,0,1,0,0,2.723524824,6.306607453,4.0,42.32,15.78,27.93,13.96,1.02,314.4,1,900,2.0,2.0,0,0.5,0.2,177.8,0,0.19625,7.3
518,58.693,28,7.61,1.91,8,1,0,0,0,0,0,0,0.764919222,3.369601055,4.0,51.29750544,0.0,42.13962833,6.562866231,0.93,543.4726916,0,1100,1.0,8.071520373,0,0.1,0.6,127.0,1,1.0,6.8
530,55.845,26,7.83,1.83,6,0,0,1,0,0,0,0,0.44,7.97,4.14,52.9,14.8,23.8,8.5,1.26,533.9821684,0,900,2.0,3.300419657,0,0.1,0.742135859,177.8,1,1.336087739,6.8
537,58.693,28,7.61,1.91,8,0,0,1,0,0,0,0,32.03,5.94,7.1,39.73561431,46.98289269,0.0,13.281493,0.93,435.9,0,1000,1.0,10.6608795,0,0.1,0.833,177.8,1,0.3,6.8
188,58.693,28,7.61,1.91,8,1,0,0,0,0,0,0,1.45,12.69,2.7,67.13947991,21.19779354,7.407407407,4.255319149,1.035440774,824.0,0,900,4.0,3.0,0,1.0,2.0,127.0,1,2.0,8.8
355,0.0,0,0.0,0.0,0,0,0,0,0,1,0,0,0.0,5.0,0.0,30.0,23.0,47.0,0.0,0.87,608.0382587,0,850,1.464239413,7.656186604,0,0.1,0.5,50.0,1,3.8,6.8
50,55.845,26,7.83,1.83,6,0,0,1,0,0,0,0,1.943586207,7.33,4.0,41.27103246,19.55416971,28.85589111,9.78857786,1.140595661,492.2024542,0,750,3.0,4.293429453,0,0.5,0.2,177.8,0,2.0,7.2
154,55.845,26,7.83,1.83,6,1,0,0,0,0,0,0,2.1,3.895035339,4.0,44.41299366,0.0,45.46884126,10.11816507,1.319639984,1259.477708,0,1000,3.0,5.0,0,0.5,0.4,177.8,1,2.25,7.2
55,58.693,28,7.61,1.91,8,0,1,0,0,0,0,0,1.08,5.762991436,3.7,12.94,24.29,32.64,30.13,1.01,405.6,1,800,3.0,5.0,0,0.5,0.5,127.0,1,1.0,7.2
260,55.845,26,7.83,1.83,6,1,0,0,0,0,0,0,0.351,2.86,4.0,38.28954017,0.0,35.74406266,25.96639717,1.246563325,1102.2,0,1000,3.0,5.0,0,0.5,0.4,177.8,1,1.0,7.2
487,55.845,26,7.83,1.83,6,1,0,0,0,0,0,0,0.888072271,9.324758842,3.9,54.85955922,25.42427045,16.09110816,3.625062169,0.99,614.0,0,900,4.0,2.0,0,0.5,4.0,177.8,1,12.5,7.3
141,58.93,27,7.81,1.88,7,0,0,1,0,0,0,1,3.28,8.229797809,4.0,51.68279929,25.3282154,22.98898531,0.0,0.98,328.9485297,0,900,1.0,3.0,0,0.5,0.1,177.8,1,0.5,7.2
197,55.845,26,7.83,1.83,6,1,0,0,0,0,0,0,2.1,9.253650892,4.0,67.52767334,24.11585962,8.105644918,0.891717216,0.878099427,533.3087014,0,950,1.0,8.493842513,0,0.5,1.0,177.8,1,1.0,7.2
376,0.0,0,0.0,0.0,0,0,0,0,0,1,0,0,0.0,8.26,0.0,41.8,0.0,58.2,0.0,0.91,546.0,0,900,0.985984464,9.148714324,0,0.1,5.0,177.8,1,1.0,6.8
577,58.693,28,7.61,1.91,8,0,0,0,0,0,0,1,2.7,11.0,3.0,55.4,28.0,10.7,5.97,0.996860161,383.5084337,0,700,1.0,5.431494146,0,0.5,0.368741556,177.8,0,1.0,7.3
473,58.693,28,7.61,1.91,8,0,0,0,0,1,0,0,2.099893798,3.908537959,4.0,33.54,6.66,47.43,12.38,1.03,369.4,1,1000,2.0,2.0,0,0.5,0.2,177.8,0,0.19625,7.3
83,58.693,28,7.61,1.91,8,0,0,1,0,0,0,0,6.9,8.424053575,2.0,47.52570273,39.00275896,13.3516746,-0.517386057,2.57,442.8072677,1,800,1.0,2.679615136,0,0.5,0.5,177.8,1,1.0,7.2
385,0.0,0,0.0,0.0,0,0,0,0,0,1,0,0,0.0,9.27,0.0,27.3,45.2,11.9,15.6,0.55,249.0,0,800,1.0,10.12728555,0,0.1,2.0,177.8,1,2.0,6.8
60,121.76,51,8.35,2.05,10,0,0,0,0,0,1,0,0.03,9.940460042,4.0,64.19,17.05,12.19,6.57,1.036860502,33.6,1,800,2.0,6.472776613,0,0.1,1.0,177.8,1,1.0,6.8
585,0.0,0,0.0,0.0,0,1,0,0,0,0,0,0,0.0,2.17,0.0,30.59639,20.66434,38.29846,10.44081,1.237721561,993.7527585,0,900,5.0,4.267036846,0,0.5,0.6,177.8,1,1.0,7.65
608,58.693,28,7.61,1.91,8,0,0,0,0,0,0,1,3.77,18.01518053,4.1,59.47159385,32.72319116,7.805214989,0.0,1.037799047,434.761263,0,700,2.0,5.0,0,0.5,1.0,177.8,1,1.0,7.3
465,0.0,0,0.0,0.0,0,0,0,1,0,0,0,0,0.0,5.53019,0.0,45.42484074,33.94476501,9.692433714,9.692433714,1.11,1223.0,0,600,0.5,1.0,0,0.1,2.0,177.8,1,1.0,6.8
247,58.693,28,7.61,1.91,8,0,0,0,0,0,1,0,3.95,4.8,3.5,63.22647272,23.95245106,12.82107622,0.0,1.67643275,1564.0,1,650,2.0,10.0,1,0.5,2.0,177.8,1,1.0,7.2
231,55.845,26,7.83,1.83,6,0,1,0,0,0,0,0,0.33,4.903229477,4.0,38.8,28.9,16.6,15.7,0.953101416,448.0,1,975,0.75,10.41664716,0,0.1,0.4,177.8,0,0.96160027,7.5
201,55.845,26,7.83,1.83,6,1,0,0,0,0,0,0,1.5,4.418471535,4.0,50.59410456,23.29031929,19.07230113,7.569867583,0.914545004,750.712749,0,1050,1.0,8.574330694,0,0.1,1.0,177.8,1,1.0,6.8
346,0.0,0,0.0,0.0,0,0,0,0,0,1,0,1,0.0,9.40005886,0.0,58.03723599,31.00554441,10.9572196,0.0,1.06153799,123.4,1,550,4.0,3.0,0,0.1,0.5,177.8,1,1.493817652,6.8
223,65.38,30,9.35,1.65,10,0,0,0,0,0,1,0,0.1,0.77,4.0,71.42857143,18.18181818,10.38961039,0.0,3.11,1402.4,0,1000,1.0,9.020795147,0,0.5,1.0,177.8,1,1.0,7.2
219,65.38,30,9.35,1.65,10,0,0,0,0,0,1,0,0.1,0.61,4.0,68.85245902,14.75409836,16.39344262,0.0,3.11,1402.4,0,1000,1.0,8.863592753,0,0.5,1.0,177.8,1,1.0,7.2
580,58.693,28,7.61,1.91,8,0,0,0,0,0,0,1,3.0,5.3,3.0,51.2,37.3,8.2,3.4,1.029924006,531.4776239,0,1000,1.0,5.813577936,0,0.5,0.405760796,177.8,0,1.0,7.3
364,55.845,26,7.83,1.83,6,0,0,0,1,0,0,0,1.82,4.606459434,5.0,28.0,11.0,50.0,11.0,1.22,1353.0,1,900,3.0,4.338831104,0,0.5,0.5,127.0,1,1.0,7.3
18,58.693,28,7.61,1.91,8,0,1,0,0,0,0,0,0.14,6.47,4.0,39.5,7.2,53.3,0.0,1.05,445.0,0,800,5.0,2.0,0,0.5,0.255,177.8,0,0.785,7.2
250,58.693,28,7.61,1.91,8,0,0,0,0,0,1,0,4.43,3.2,3.5,63.22647272,23.95245106,12.82107622,0.0,1.524454607,1564.0,1,650,2.0,10.0,1,1.0,2.0,177.8,1,1.0,13.8
504,0.0,0,0.0,0.0,0,0,0,0,0,1,0,0,0.0,7.218857423,0.0,19.2,22.1,40.5,18.2,0.54,456.6164371,0,1060,1.39573702,8.389331113,0,0.1,1.562001189,177.8,1,2.636190344,6.8
272,58.693,28,7.61,1.91,8,1,0,0,0,0,0,0,0.889,2.83,2.0,47.43117011,26.99115044,22.39429695,3.183382498,0.91,280.8,1,900,2.0,5.0,0,0.5,0.6,177.8,1,1.0,7.2
251,58.693,28,7.61,1.91,8,0,0,0,0,1,0,0,23.0,17.3,3.8,68.41995036,23.90219237,8.2494662,0.081247068,0.91970594,286.0295932,0,700,3.0,5.0,0,0.5,1.0,177.8,1,1.0,7.2
351,0.0,0,0.0,0.0,0,0,0,1,0,0,0,0,0.0,6.0,0.0,65.0,20.0,15.0,0.0,1.230061074,514.2401159,0,200,10.0,2.893886159,0,1.0,0.316884864,177.8,1,1.0,13.8
404,0.0,0,0.0,0.0,0,0,0,0,0,0,0,1,0.0,5.59,0.0,12.00716846,17.20430108,45.51971326,25.2688172,1.118347232,420.7,0,600,2.731744971,3.984727029,0,0.5,0.2,177.8,1,4.0,7.3
391,0.0,0,0.0,0.0,0,1,0,0,0,0,0,0,0.0,11.8797625,0.0,46.8486813,30.20721968,22.94409901,0.0,1.04,475.0,1,900,3.0,5.0,0,0.1,0.4,177.8,1,1.0,6.8
319,58.693,28,7.61,1.91,8,1,0,0,0,0,0,0,3.882317736,8.665522184,4.1,47.6723306,25.60497416,18.5639422,8.158753039,1.074301081,741.0,1,900,2.0,5.0,0,0.5,1.0,177.8,1,1.0,7.2
547,55.845,26,7.83,1.83,6,0,0,1,0,0,0,0,1.64,7.59719352,4.0,38.57,20.97,40.46,0.0,1.022,483.9650926,1,800,2.0,5.0,0,0.5,1.0,177.8,1,1.0,7.2
1,55.845,26,7.83,1.83,6,0,0,1,0,0,0,0,9.9,23.9,4.0,58.52,23.15,12.44,5.88,1.13,23.0,1,800,2.0,2.0,0,0.1,2.0,177.8,1,1.0,6.8
241,58.693,28,7.61,1.91,8,0,0,0,0,0,1,0,0.95,2.2,3.5,53.03030303,26.51515152,20.45454545,0.0,1.795584242,1564.0,1,750,2.0,10.0,1,0.5,2.0,177.8,1,1.0,7.2
182,58.693,28,7.61,1.91,8,0,0,1,0,0,0,0,0.48,9.068144027,3.0,42.83164119,14.84993864,39.46781212,2.850608055,1.48,126.0,0,800,1.0,2.3,0,0.5,0.769501399,177.8,1,1.503752602,7.2
222,65.38,30,9.35,1.65,10,0,0,0,0,0,1,0,0.1,0.56,4.0,60.71428571,7.142857143,32.14285714,0.0,3.11,1402.4,0,1000,1.0,8.94667927,0,0.5,1.0,177.8,1,1.0,7.2
440,58.693,28,7.61,1.91,8,0,1,0,0,0,0,0,2.404145078,4.117975289,4.0,37.16283716,45.15484515,8.791208791,8.891108891,0.87,895.8,1,900,2.0,5.0,0,0.1,0.5,177.8,1,1.0,6.8
291,55.845,26,7.83,1.83,6,0,0,0,0,0,1,0,0.931278099,4.046242775,3.8,49.5,36.9,10.1,3.5,0.948667068,199.25331,1,900,1.0,30.0,0,0.1,0.75,50.0,0,1.0,6.8
454,0.0,0,0.0,0.0,0,0,0,0,0,1,0,0,0.0,1.9,0.0,42.10499159,8.347522781,49.54748563,0.0,0.64,723.2472469,0,750,1.547704851,7.695328683,0,0.1,0.5,50.0,1,3.8,6.8
316,55.845,26,7.83,1.83,6,0,0,0,0,1,0,0,1.72,4.57,4.7,57.0,12.0,23.0,7.0,1.06017962,299.0,0,900,1.0,6.440632066,0,0.1,0.8,127.0,1,0.93584357,6.8
239,58.693,28,7.61,1.91,8,0,0,0,0,0,1,0,1.57,2.5,3.5,58.66666667,29.33333333,12.0,0.0,1.743553867,1564.0,1,600,2.0,10.0,1,0.5,2.0,177.8,1,1.0,7.2
105,55.845,26,7.83,1.83,6,1,0,0,0,0,0,0,0.66,7.15,3.3,53.98373984,14.14634146,18.04878049,13.82113821,1.251707369,1246.0,1,900,2.0,4.702675374,0,0.5,1.0,177.8,1,1.0,7.2
434,0.0,0,0.0,0.0,0,0,1,0,0,0,0,0,0.0,9.499203168,0.0,48.1,27.5,17.0,7.4,0.89,957.0,1,900,2.0,5.0,0,0.1,1.0,177.8,0,0.850865847,6.8
635,65.38,30,9.35,1.65,10,0,0,0,0,0,0,1,0.34,1.671331215,4.2,58.91,23.11,17.98,0.0,2.49,2176.56,1,900,2.0,5.0,0,0.5,1.0,127.0,1,1.0,7.2
335,58.693,28,7.61,1.91,8,1,0,0,0,0,0,0,15.71282183,11.99692584,4.0,60.57305984,0.0,26.62296469,12.80397547,1.017558505,590.0936269,1,550,2.0,5.0,0,0.5,1.0,127.0,1,1.0,7.2
645,58.93,27,7.81,1.88,7,0,0,0,0,0,1,0,2.25,0.83,8.0,22.27848101,0.0,64.6835443,13.03797468,1.14,554.9701951,1,1000,2.5,5.0,0,0.1,0.850949434,177.8,1,1.0,6.8
9,58.693,28,7.61,1.91,8,0,1,0,0,0,0,0,3.32,5.670090774,5.0,48.50708628,21.58439382,24.69341976,3.916257473,1.090291443,612.8703852,0,25,24.0,2.0,0,0.2,0.3,177.8,1,1.076769905,7.0
20,58.693,28,7.61,1.91,8,0,1,0,0,0,0,0,0.31,4.63,4.0,25.3,10.8,65.9,0.0,1.01,1068.0,0,800,5.0,2.0,0,0.5,0.255,177.8,0,0.785,7.2
562,0.0,0,0.0,0.0,0,0,1,0,0,0,0,0,0.0,4.066009513,0.0,25.5,18.0,42.4,14.1,1.065750053,819.8273613,1,900,2.0,5.0,0,0.5,1.0,127.0,0,1.0,7.2
19,58.693,28,7.61,1.91,8,0,1,0,0,0,0,0,0.26,6.86,4.0,28.8,16.5,54.7,0.0,1.01,878.0,0,800,5.0,2.0,0,0.5,0.255,177.8,0,0.785,7.2
32,58.93,27,7.81,1.88,7,0,0,1,0,0,0,0,3.7,5.960251017,5.0,49.8,21.9,18.39,9.9,0.919753394,454.229189,0,500,1.0,20.0,0,0.1,0.2,177.8,1,1.0,6.8
27,58.693,28,7.61,1.91,8,0,0,0,0,1,0,0,1.49,6.327286299,4.0,49.1,23.6,27.3,0.0,1.120982132,673.0,1,800,5.0,5.0,0,0.5,0.35,177.8,1,1.0,7.2
446,0.0,0,0.0,0.0,0,0,0,0,1,0,0,0,0.0,6.04,0.0,32.45033113,9.105960265,58.44370861,0.0,0.926,1286.0,1,800,2.0,5.0,0,0.1,0.5,177.8,1,1.0,6.8
310,58.693,28,7.61,1.91,8,1,0,0,0,0,0,0,5.32,7.674559146,3.83,54.4,16.7,19.4,9.5,1.065863632,914.801657,0,1000,3.0,5.0,0,0.5,3.0,177.8,1,1.0,7.33
653,58.693,28,7.61,1.91,8,0,1,0,1,0,0,0,0.75,3.96,4.0,49.0,18.0,27.0,6.0,0.94,263.0,1,900,2.0,2.0,0,0.5,1.0,127.0,1,1.0,7.3
405,0.0,0,0.0,0.0,0,0,0,0,0,0,0,1,0.0,5.67,0.0,16.04938272,14.99118166,52.73368607,16.22574956,1.099336427,235.8,0,600,2.675128823,3.620087054,0,0.5,0.2,177.8,1,4.0,7.3
553,63.546,29,7.69,1.9,10,1,0,0,0,0,0,0,0.91,7.795784451,4.2,63.15874818,0.0,24.12842549,12.71282633,1.02,840.6499871,0,900,3.0,5.0,0,0.1,1.0,177.8,1,2.0,6.8
196,55.845,26,7.83,1.83,6,1,0,0,0,0,0,0,1.5,5.201444974,4.0,60.53738273,21.3349514,14.97424914,5.563833743,0.895621966,549.5965678,0,1050,1.0,8.494776994,0,0.5,1.0,177.8,1,1.0,7.2
631,55.845,26,7.83,1.83,6,0,0,0,1,0,0,0,3.796292065,9.106835458,4.0,55.4,23.6,15.8,5.2,1.04,514.4677186,1,700,2.0,2.0,0,0.5,2.5,177.8,1,1.0,7.2
481,0.0,0,0.0,0.0,0,0,0,0,0,0,1,0,0.0,4.149895473,0.0,34.21052632,32.89473684,17.89473684,15.0,1.189310958,1440.0,1,950,0.5,10.0,0,0.1,5.0,177.8,0,1.0,6.8
306,58.93,27,7.81,1.88,7,1,0,0,0,0,0,0,0.7,8.834196804,3.7,53.95465995,0.0,46.04534005,0.0,1.02,638.0,1,900,2.0,3.0,0,0.1,0.32,177.8,0,0.031415927,6.8
11,58.93,27,7.81,1.88,7,0,1,0,0,0,0,0,3.18,8.724496581,5.0,41.55130663,18.97100134,30.44229886,8.71096451,1.173577049,574.6732444,0,600,2.0,2.0,0,0.2,0.3,177.8,1,0.955323921,7.0
283,55.845,26,7.83,1.83,6,1,0,0,0,0,0,0,2.04,9.51,4.0,72.55520505,18.29652997,7.150368034,1.997896951,1.02,724.2,1,900,4.0,3.0,0,1.0,2.0,127.0,1,2.42327977,8.8
432,0.0,0,0.0,0.0,0,1,0,0,0,0,0,0,0.0,1.055,0.0,29.27740448,21.70107693,27.62158982,21.39992876,0.955,650.0,0,1100,3.0,4.743688186,0,0.5,1.0,177.8,1,1.0,7.3
132,55.845,26,7.83,1.83,6,0,1,0,0,0,0,0,1.54,4.131825665,4.4,45.55386289,16.88139282,26.10663765,11.45810664,1.05,1059.0,1,800,2.0,5.0,0,0.5,2.0,127.0,1,1.0,7.2
229,51.996,24,6.74,1.66,5,0,1,0,0,0,0,0,0.31,4.55164627,4.0,31.5,35.4,17.4,15.7,1.043392611,516.0,1,975,0.75,5.506851468,0,0.1,0.4,177.8,0,0.86519825,7.5
428,0.0,0,0.0,0.0,0,1,0,0,0,0,0,0,0.0,12.42350061,0.0,53.44827586,51.51515152,29.03225806,8.823529412,1.12,740.0,1,700,4.0,2.0,0,0.1,4.0,177.8,1,12.5,7.2
65,58.693,28,7.61,1.91,8,1,0,0,0,0,0,0,3.22,3.912861367,3.2,18.3,11.21,61.65,8.18,0.958405613,593.4888966,1,1000,3.0,10.0,0,0.1,0.608025058,127.0,0,4.0,6.8
238,54.938,25,7.4,1.55,5,0,0,0,1,0,0,0,5.0,6.22,3.0,38.68594834,29.66647162,21.26556884,10.3820112,1.137967718,345.0,1,900,3.0,5.064324325,0,0.1,0.785,177.8,0,1.0,6.8
354,58.693,28,7.61,1.91,8,0,1,0,0,0,0,0,2.61,3.04,4.0,36.9,23.8,29.2,11.1,1.0,259.0,1,900,2.0,5.0,0,0.1,0.48,177.8,1,1.0,6.8
511,58.93,27,7.81,1.88,7,0,1,0,0,0,0,0,0.61,4.409684529,3.3,55.23,2.6,42.17,0.0,1.05,1094.0,1,910,3.0,2.0,0,0.5,1.0,177.8,1,1.0,7.3
74,58.693,28,7.61,1.91,8,0,0,1,0,0,0,0,1.826387217,5.92,3.4,44.61917052,29.42200348,21.6073465,4.351479503,0.878172676,390.6150727,0,800,1.0,20.0,0,0.5,0.2,177.8,1,0.25,7.2
64,58.693,28,7.61,1.91,8,1,0,0,0,0,0,0,1.61,4.578502677,3.3,18.3,11.21,61.65,8.18,0.996642012,752.9473874,1,1000,3.0,10.0,0,0.1,0.569908296,127.0,0,4.0,6.8
591,55.845,26,7.83,1.83,6,0,0,0,0,1,0,0,6.665028564,16.67332146,4.0,33.9,58.9,7.21,0.0,1.01,635.15,1,800,2.0,6.011199938,0,0.5,1.0,177.8,0,0.2,7.2
588,0.0,0,0.0,0.0,0,1,0,0,0,0,0,0,0.0,2.11,0.0,28.48,40.19,18.97,12.34,1.126126498,975.5559019,0,1000,3.0,4.871575709,0,0.5,0.6,177.8,1,1.0,7.65
613,58.693,28,7.61,1.91,8,0,0,0,0,0,1,0,2.4,6.691455747,4.0,48.1,15.2,27.9,8.8,1.01,210.0,0,800,2.0,5.977766973,0,0.5,0.25,177.8,0,1.0,7.4
365,55.845,26,7.83,1.83,6,0,0,0,1,0,0,0,1.82,4.606459434,5.0,28.0,11.0,50.0,11.0,1.22,1353.0,1,900,3.0,4.596557459,0,0.5,1.0,127.0,1,1.0,7.3
460,0.0,0,0.0,0.0,0,0,0,1,0,0,0,0,0.0,3.44277,0.0,39.3680089,32.60978805,14.74829861,14.74829861,1.05,807.0,0,600,0.5,1.0,0,0.1,0.8,177.8,1,1.0,6.8
80,58.693,28,7.61,1.91,8,0,0,0,1,0,0,0,2.88,9.5,4.0,37.3,43.6,10.7,5.3,1.83,615.0,0,900,2.0,2.0,0,0.1,0.76,177.8,0,1.23101738,6.8
430,0.0,0,0.0,0.0,0,1,0,0,0,0,0,0,0.0,6.608,0.0,38.67897437,31.14854384,17.93869202,12.23378977,1.01,650.0,0,900,3.0,4.364918119,0,0.5,1.0,177.8,1,1.0,7.3
286,55.845,26,7.83,1.83,6,1,0,0,0,0,0,0,0.27,10.15,4.0,59.21938089,20.86137281,15.61238223,4.306864065,0.94,705.0,1,900,4.0,3.0,0,1.0,2.0,127.0,1,2.397485497,8.8
7,58.93,27,7.81,1.88,7,0,1,0,0,0,0,0,3.54,5.382165047,5.0,20.901,41.239,37.86,0.0,1.279560547,568.0,0,25,24.0,2.0,0,0.2,0.3,177.8,1,1.437227069,7.0
579,58.693,28,7.61,1.91,8,0,0,0,0,0,0,1,2.6,3.9,3.0,52.4,35.1,10.4,2.2,1.18,901.574345,0,900,1.0,4.811418443,0,0.5,0.603540682,177.8,0,1.0,7.3
217,65.38,30,9.35,1.65,10,0,0,0,0,0,1,0,1.26,0.61,4.0,68.85245902,14.75409836,16.39344262,0.0,2.53,1154.0,0,800,1.0,9.116822747,0,0.5,1.0,177.8,1,1.0,7.2
340,208.98,83,7.25,2.02,10,0,0,0,0,1,0,0,1.52,5.31897192,3.8,31.58645034,7.446880728,56.64245469,4.324214242,1.05,337.01,0,900,1.0,5.0,0,0.5,0.4,177.8,1,1.0,7.2
414,55.845,26,7.83,1.83,6,1,0,0,0,0,0,0,1.3,4.52,4.0,53.09734513,23.67256637,15.7079646,7.522123894,0.99,1148.0,1,900,2.0,3.0,0,0.5,2.0,127.0,1,2.0,7.3
400,0.0,0,0.0,0.0,0,1,0,0,0,0,0,0,0.0,1.53,0.0,41.44736842,39.47368421,16.44736842,2.631578947,0.97,1679.5,0,1000,1.0,2.0,0,0.5,0.1,127.0,1,1.0,7.2
4,58.693,28,7.61,1.91,8,1,0,0,0,0,0,0,1.75,4.94,4.0,46.79,16.83,24.89,11.49,0.92,451.0,0,800,2.0,5.333,0,0.5,0.3,127.0,1,1.0,7.2
124,58.693,28,7.61,1.91,8,0,0,0,0,0,1,0,1.3,2.074474243,4.0,44.655,23.042,16.187,16.117,0.920675785,294.3710129,0,800,1.0,10.36489402,0,0.5,0.2,177.8,0,2.0,7.2
117,58.693,28,7.61,1.91,8,0,0,0,0,0,0,1,0.6,7.353218675,4.0,40.16881502,5.69259962,38.05535562,16.08322973,1.152836552,394.137751,0,900,2.0,3.0,0,0.5,0.2,177.8,1,1.0,7.2
366,55.845,26,7.83,1.83,6,0,0,0,1,0,0,0,1.82,4.606459434,5.0,28.0,11.0,50.0,11.0,1.22,1353.0,1,900,3.0,4.305834803,0,1.0,1.0,127.0,1,1.0,8.8
195,55.845,26,7.83,1.83,6,0,0,1,0,0,0,0,1.25,3.942046519,4.0,56.0,22.1,16.2,5.7,0.890316044,473.7613892,0,750,1.0,10.40086684,0,0.1,0.32,177.8,1,2.0,6.8
115,89.0,39,6.5,1.22,1,1,0,0,0,0,0,0,0.38,9.169199268,3.0,43.28159645,5.554323725,45.39911308,5.764966741,1.109810731,925.89,0,1000,2.0,10.0,0,0.5,0.8,127.0,1,1.0,7.2
517,58.693,28,7.61,1.91,8,0,0,0,0,0,1,0,1.0,1.79,4.0,7.11087,70.70166,11.93071,10.25676,1.269007201,993.5920172,0,1100,2.0,9.500001059,0,0.1,1.414,177.8,0,0.70685,6.8
129,55.845,26,7.83,1.83,6,0,1,0,0,0,0,0,1.64,7.10487763,4.0,35.7,55.9,0.08,8.32,1.371312703,910.2742293,0,750,4.0,5.0,0,0.5,1.0,177.8,1,1.0,7.2
478,0.0,0,0.0,0.0,0,0,0,1,0,0,0,1,0.0,7.22,0.0,45.0,0.0,50.0,5.0,1.17,119.0,0,1000,1.0,2.873079387,0,0.1,0.8,127.0,1,1.0,6.8
619,55.845,26,7.83,1.83,6,1,0,0,0,0,0,0,0.2,2.5,4.0,45.13388569,21.55679635,25.67543228,7.633885687,1.02,1156.6,1,1000,3.0,4.16721831,0,1.0,1.0,177.8,1,1.0,8.8
498,55.845,26,7.83,1.83,6,0,0,1,0,0,0,0,3.049132022,3.519953879,4.0,69.32907348,7.348242812,10.86261981,12.4600639,0.931,160.0,1,800,2.0,2.0,0,0.1,2.0,177.8,1,1.0,6.8
371,0.0,0,0.0,0.0,0,0,0,0,0,0,0,1,0.0,10.8,0.0,40.0,0.0,52.0,7.6,1.105254093,144.0,0,950,1.0,3.0,0,0.1,0.5,127.0,1,1.0,6.8
493,0.0,0,0.0,0.0,0,0,0,1,0,0,0,0,0.0,4.788117651,0.0,49.52380952,8.333333333,20.71428571,21.42857143,0.836,160.0,1,800,2.0,2.0,0,0.1,2.0,177.8,1,1.0,6.8
321,0.0,0,0.0,0.0,0,1,0,0,0,0,0,0,0.0,9.448780248,0.0,43.00237208,40.32531345,9.437478821,7.234835649,1.03086179,723.0,1,900,2.0,5.0,0,0.5,1.0,177.8,1,1.0,7.2
46,58.693,28,7.61,1.91,8,0,0,1,0,0,0,0,2.013,7.33,4.0,36.63105128,21.98734454,29.93883481,9.721585227,1.115529381,429.0655657,0,750,3.0,4.576169511,0,0.5,0.2,177.8,0,2.0,7.2
538,58.693,28,7.61,1.91,8,0,0,1,0,0,0,0,14.18,4.72,7.1,42.27991411,38.3954714,0.0,19.32461448,0.93,500.8,0,1000,1.0,9.91605894,0,0.1,0.833,177.8,1,0.3,6.8
474,0.0,0,0.0,0.0,0,0,0,0,0,0,0,1,0.0,4.071082391,0.0,26.7,61.4,9.2,2.7,0.99,1269.0,0,700,1.5,4.0,0,0.5,0.07,177.8,0,0.42,7.2
94,55.845,26,7.83,1.83,6,1,0,0,0,0,0,0,2.358814426,4.95598705,4.4,41.42857143,13.98221931,55.86457074,0.0,0.93,622.18399,0,900,1.0,10.0,0,0.1,0.4,127.0,1,0.25,6.8
599,58.693,28,7.61,1.91,8,0,0,0,0,1,0,0,5.744624203,5.349955365,4.0,56.65582,33.72075,9.62343,0.0,1.169174915,695.8306577,1,600,0.5,2.0,0,0.5,0.618533518,127.0,1,1.087127667,7.2
133,55.845,26,7.83,1.83,6,0,1,0,0,0,0,0,0.86,4.290813177,4.2,13.47037559,66.88622021,13.91152503,5.731879174,1.04,1009.0,1,900,2.0,5.0,0,0.5,2.0,127.0,1,1.0,7.2
429,0.0,0,0.0,0.0,0,1,0,0,0,0,0,0,0.0,8.875,0.0,56.2883398,20.42132514,13.54010897,9.750226081,1.065,650.0,0,800,3.0,4.383010265,0,0.5,1.0,177.8,1,1.0,7.3
489,55.845,26,7.83,1.83,6,0,1,0,0,0,0,0,0.3,4.03,4.0,39.6,8.0,35.9,16.5,1.16,732.7,1,900,2.0,5.0,0,0.1,0.57,50.8,0,0.5,6.8
488,55.845,26,7.83,1.83,6,0,1,0,0,0,0,0,0.8,5.5,4.0,50.7,13.3,26.3,9.7,1.41,525.9,1,900,2.0,5.0,0,0.1,0.57,50.8,0,0.5,6.8
33,58.693,28,7.61,1.91,8,0,0,0,0,0,0,1,2.7,8.655745476,4.0,60.0,14.3,15.09,11.34,1.07,639.033058,0,800,2.0,4.940296812,0,0.5,1.0,177.8,1,1.0,7.2
63,55.845,26,7.83,1.83,6,0,0,1,0,0,0,0,0.047765564,6.499302535,4.0,38.0,18.9,31.7,11.4,0.97,441.5510748,0,900,2.0,2.0,0,0.5,2.5,177.8,1,1.0,7.65
10,58.93,27,7.81,1.88,7,0,1,0,0,0,0,0,3.82,8.900250026,5.0,40.73171633,18.40244602,32.14477425,8.664845894,1.155020745,529.4640969,0,400,2.0,2.0,0,0.2,0.3,177.8,1,0.897708239,7.0
16,58.693,28,7.61,1.91,8,0,1,0,0,0,0,0,0.44,6.28,4.0,32.9,8.9,58.2,0.0,1.05,924.0,0,800,5.0,2.0,0,0.5,0.255,177.8,0,0.785,7.2
170,58.693,28,7.61,1.91,8,0,0,0,0,0,1,0,2.5,4.334964214,4.0,50.66666667,28.59259259,20.74074074,0.0,0.87,412.9515937,0,600,2.0,10.0,0,0.1,0.3,177.8,0,1.861472084,6.8
393,55.845,26,7.83,1.83,6,0,0,0,0,0,1,0,0.52,0.461817582,4.0,33.22709163,18.0876494,48.68525896,0.0,0.65,204.0,1,1000,1.0,20.0,0,0.5,0.5,177.8,0,2.0,7.3
113,58.693,28,7.61,1.91,8,0,0,0,0,0,0,1,0.39,6.75,5.0,44.33962264,23.77358491,31.88679245,0.0,2.1,952.0,1,900,2.0,4.890201255,0,0.5,1.0,177.8,1,1.0,7.2
56,58.693,28,7.61,1.91,8,0,0,0,0,0,0,1,1.79,7.03542074,4.2,53.0,42.6,4.4,0.0,1.23,842.3380922,1,800,2.0,10.0,0,0.5,1.0,177.8,1,1.0,7.2
225,58.693,28,7.61,1.91,8,0,0,0,0,0,0,1,2.83,11.88,4.0,50.67340067,0.0,44.27609428,5.050505051,1.174275937,376.820706,0,900,1.0,3.0,0,0.1,0.3,127.0,1,1.0,6.8
651,0.0,0,0.0,0.0,0,0,1,0,1,0,0,0,0.0,4.09,0.0,29.0,28.0,43.0,0.0,0.96,368.0,1,1000,2.0,2.0,0,0.5,1.0,127.0,1,1.0,7.3
392,0.0,0,0.0,0.0,0,1,0,0,0,0,0,0,0.0,17.71996427,0.0,46.09695171,31.09109023,22.81195806,0.0,1.17,732.0,1,900,3.0,5.0,0,0.1,0.4,177.8,1,1.0,6.8
25,63.546,29,7.69,1.9,10,0,0,0,0,0,1,0,1.34,1.1,4.0,40.8,35.5,15.5,11.6,1.01,230.0,0,1000,1.0,5.0,0,0.1,0.58,177.8,1,1.0,6.8
663,118.71,50,7.37,1.96,10,1,1,0,0,0,0,0,1.8,6.01915629,4.3,26.31,8.65,56.71,8.31,1.086302326,581.3,0,950,2.0,4.586115784,1,1.0,1.0,177.8,1,0.5,13.8
623,78.69,34,9.5,2.55,0,0,0,1,0,0,0,0,1.31,3.8,4.2,26.65463297,0.0,57.85198556,15.49338147,1.01280346,645.0,0,1000,1.0,5.0,0,0.1,1.0,177.8,1,1.048851531,6.8
160,55.845,26,7.83,1.83,6,1,0,0,0,0,0,0,2.8,6.8,3.4,2.702702703,91.89189189,5.405405405,0.0,1.530968767,772.0,0,900,3.0,5.0,0,0.5,0.3,177.8,1,1.0,7.2
358,58.693,28,7.61,1.91,8,0,0,0,0,1,0,0,1.98,3.263535795,4.0,30.29908973,10.64319296,47.97439232,11.083325,2.41,1066.0,1,900,2.0,5.0,0,0.5,0.4,177.8,1,1.0,7.3
253,58.693,28,7.61,1.91,8,0,0,0,0,1,0,0,35.2,11.3,3.8,68.86919124,15.43830447,10.13829862,5.077845346,0.910013571,341.2798235,0,900,3.0,5.0,0,0.5,1.0,177.8,1,1.0,7.2
159,58.693,28,7.61,1.91,8,0,0,0,0,1,0,0,5.0,9.973957274,3.0,82.39455539,17.60544461,0.0,0.0,0.938631049,401.4848421,0,900,2.0,21.22119022,0,0.5,1.0,177.8,1,1.0,7.2
507,55.845,26,7.83,1.83,6,0,0,0,1,0,1,0,2.896536118,4.469264713,4.0,46.0,6.0,46.0,2.0,3.32,1123.035709,1,800,3.0,5.0,0,0.5,0.931975985,177.8,0,0.503,7.2
348,0.0,0,0.0,0.0,0,0,0,0,0,1,0,0,0.0,5.3,0.0,28.11320755,16.60377358,39.05660377,16.22641509,1.17,859.97,1,900,2.0,5.0,0,0.5,2.5,177.8,1,1.0,7.65
232,58.93,27,7.81,1.88,7,0,1,0,0,0,0,0,0.37,4.703854065,4.0,38.5,31.5,14.3,15.7,1.019225421,660.0,1,975,0.75,5.821192682,0,0.1,0.4,177.8,0,1.111333019,7.5
500,55.845,26,7.83,1.83,6,0,0,0,0,1,0,0,2.981510761,4.64,4.0,48.81209503,20.95032397,25.05399568,5.183585313,1.45,867.3964733,1,850,3.0,2.0,0,0.1,0.3,127.0,1,1.0,6.8
586,0.0,0,0.0,0.0,0,1,0,0,0,0,0,0,0.0,2.07,0.0,25.5336,23.72945,42.83794,7.80248,1.16,960.9972491,0,1000,5.0,4.609766868,0,0.5,0.6,177.8,1,1.0,7.65
146,58.693,28,7.61,1.91,8,1,0,0,0,0,0,0,32.0,19.92,2.0,68.16499207,31.83500793,0.0,0.0,0.9,144.8,0,550,2.0,5.0,0,0.5,1.0,127.0,1,1.0,7.2
381,0.0,0,0.0,0.0,0,0,0,0,0,1,0,0,0.0,9.13,0.0,27.4,45.3,11.1,16.2,0.48,113.0,0,800,1.0,10.16443995,0,0.1,2.0,177.8,1,2.0,6.8
413,55.845,26,7.83,1.83,6,1,0,0,0,0,0,0,1.3,4.52,4.0,53.09734513,23.67256637,15.7079646,7.522123894,0.99,1148.0,1,900,2.0,3.0,0,1.0,2.0,127.0,1,2.0,8.8
276,0.0,0,0.0,0.0,0,0,0,1,0,0,0,0,0.0,1.0745,0.0,25.07758566,35.80024067,29.33054658,9.791627082,2.6,321.0,0,700,3.0,3.470521156,0,0.5,0.589,177.8,0,0.070685835,7.5
357,58.693,28,7.61,1.91,8,0,0,0,0,1,0,0,1.2,3.36385693,8.0,40.89333061,5.241688762,38.58861921,15.27636141,2.3,1066.0,1,900,2.0,5.0,0,0.5,0.4,177.8,1,1.0,7.3
294,58.693,28,7.61,1.91,8,0,0,0,1,0,0,0,5.0,4.791752391,4.0,44.54040716,0.0,55.45959284,0.0,1.295156703,821.3577926,1,750,2.0,3.0,0,0.5,0.2,177.8,0,2.0,7.2
179,58.693,28,7.61,1.91,8,0,0,0,0,1,0,0,2.28,7.679501339,4.0,61.3,17.9,17.35,3.45,1.014154853,390.0718363,1,650,3.0,5.0,0,0.5,0.5,177.8,1,1.0,7.3
561,55.845,26,7.83,1.83,6,0,1,0,0,0,0,0,1.35,8.678522853,12.0,34.19630615,16.82393741,42.32599403,6.6537624,1.07287687,286.3,1,900,1.0,6.536066084,0,0.5,1.0,127.0,0,0.785,7.2
51,0.0,0,0.0,0.0,0,0,1,0,0,0,0,0,0.0,2.792052919,0.0,20.83,11.16,51.24,16.77,0.920854031,807.0,0,1000,1.0,7.527151868,0,0.5,0.5,177.8,0,2.0,7.2
45,58.693,28,7.61,1.91,8,1,0,0,0,0,0,0,1.53,4.674202544,3.2,34.77,8.53,56.69,0.0,0.98,720.7898989,1,1000,2.0,10.0,0,0.5,0.2,127.0,1,1.0,7.2
108,55.845,26,7.83,1.83,6,1,0,0,0,0,0,0,0.52,4.13,3.0,39.80582524,18.93203883,25.97087379,15.29126214,1.107275706,1275.0,0,1000,2.0,5.304048117,0,0.5,1.0,177.8,1,1.0,7.2
134,55.845,26,7.83,1.83,6,0,1,0,0,0,0,0,0.2,3.769611316,4.4,31.50900846,11.01142123,52.94,4.536967434,1.04,1014.0,1,1000,2.0,5.0,0,0.5,2.0,127.0,1,1.0,7.2
552,55.845,26,7.83,1.83,6,1,0,0,0,0,0,0,0.9,7.430009163,4.0,57.40977324,0.0,29.1280741,13.46215267,1.13,952.026951,0,900,3.0,5.0,0,0.1,1.0,177.8,1,2.0,6.8
273,0.0,0,0.0,0.0,0,0,0,1,0,0,0,0,0.0,0.73113,0.0,26.35439324,9.747584602,59.39602408,4.501998078,2.6,309.0,0,900,3.0,3.417064776,0,0.5,0.589,177.8,0,0.070685835,7.5
479,58.693,28,7.61,1.91,8,0,0,0,1,0,0,0,2.9,3.953571223,3.6,31.28190584,25.68065797,26.53148043,16.50595576,1.01,265.0,1,900,2.0,3.982585154,0,0.5,1.0,177.8,1,1.0,7.3
539,58.693,28,7.61,1.91,8,0,0,1,0,0,0,0,0.86,5.03,3.4,30.59753546,46.43106254,0.0,22.971402,0.97,1009.2,0,1000,1.0,7.953467365,0,0.5,0.833,177.8,1,0.3,7.2
205,55.845,26,7.83,1.83,6,0,0,0,1,0,0,0,1.54072305,3.683715873,8.0,35.0,6.0,53.0,6.0,1.15,692.6,1,950,0.333,10.0,0,0.1,1.0,127.0,0,1.0,6.8
30,58.693,28,7.61,1.91,8,0,0,1,0,0,0,0,3.2,7.352055808,5.0,47.38,17.67,28.04,6.89,0.978874495,399.3817123,1,500,1.0,20.0,0,0.1,0.2,177.8,1,1.0,6.8
299,54.938,25,7.4,1.55,5,1,0,0,0,0,0,0,1.184569487,3.685327292,4.0,48.2,29.2,10.2,12.4,1.098105433,311.0,0,1050,1.0,5.609908958,0,0.1,0.8,177.8,0,0.196,6.7
89,65.38,30,9.35,1.65,10,0,0,1,0,0,0,0,1.013530268,4.230217647,5.09298,50.54347826,25.87587894,34.8271124,0.0,0.68,830.7241621,0,900,1.0,8.18327544,0,0.5,2.0,177.8,1,1.0,7.2
67,58.693,28,7.61,1.91,8,1,0,0,0,0,0,0,13.12,15.61466589,12.0,46.79,27.52,14.73,10.95,1.067054256,377.842248,1,1000,2.0,5.0,0,0.5,0.737172073,177.8,1,0.975526104,7.0
88,65.38,30,9.35,1.65,10,0,0,1,0,0,0,0,1.640685336,6.067461187,3.58418,54.5112782,31.43072176,25.91921743,0.0,0.79,647.2984663,0,800,1.0,8.928576743,0,0.5,2.0,177.8,1,1.0,7.2
665,112.411,48,8.95,1.69,10,0,0,1,0,0,0,0,18.4,14.72554628,4.0,64.0,4.8,31.2,0.0,1.07,303.0,0,850,0.0833,1.0,0,0.5,1.5,177.8,1,1.0,7.2
233,58.693,28,7.61,1.91,8,0,1,0,0,0,0,0,0.76,5.522640474,4.0,39.06093906,28.87112887,15.88411588,16.18381618,0.979381729,589.0,1,975,0.75,5.960854157,0,0.1,0.4,177.8,0,1.014665287,7.5
131,54.938,25,7.4,1.55,5,0,0,1,0,0,0,0,0.14,3.9,3.9,24.51493167,17.60587144,33.41488105,24.46431584,1.117249205,452.0,1,900,1.0,3.0,0,0.5,0.5,177.8,1,1.043826641,7.2
329,63.546,29,7.69,1.9,10,1,0,0,0,0,0,0,2.18,6.802001155,3.8,42.35,19.95,25.2,12.5,1.15,1178.8,0,1000,3.0,5.0,0,0.1,1.5,127.0,1,1.25,6.8
168,58.693,28,7.61,1.91,8,0,1,0,0,0,0,0,1.31087,11.93215,3.8,58.91462145,24.01089983,6.616361688,10.45811703,0.97,582.6,1,900,2.0,10.0,0,0.5,0.2,127.0,1,0.25,7.2
576,58.693,28,7.61,1.91,8,0,0,1,0,0,0,0,1.5,4.957115045,4.0,39.16993831,20.39259675,33.35950645,7.077958497,1.096410213,398.4671967,0,1000,2.0,5.0,0,0.5,0.5,177.8,0,1.186251652,7.3
90,65.38,30,9.35,1.65,10,0,0,1,0,0,0,0,0.802576972,3.343683832,5.09298,39.51890034,35.3529699,29.49712932,0.0,0.61,796.4704091,0,1000,1.0,8.542872664,0,0.5,2.0,177.8,1,1.0,7.2
156,58.93,27,7.81,1.88,7,1,0,0,0,0,0,0,2.2,5.592864748,4.0,56.47655573,0.0,29.97030805,13.55313621,1.130457013,907.646741,0,1000,3.0,5.0,0,0.5,0.4,177.8,1,2.25,7.2
148,58.693,28,7.61,1.91,8,1,0,0,0,0,0,0,28.0,14.5,1.95,55.50787935,44.49212065,0.0,0.0,1.023623406,168.9,0,550,2.0,5.0,0,0.5,1.0,127.0,1,1.0,7.2
118,58.93,27,7.81,1.88,7,0,0,0,0,0,0,1,1.2,6.572115238,4.0,35.546875,13.21022727,34.33948864,16.90340909,1.162309929,538.8921143,0,900,2.0,3.0,0,0.5,0.2,177.8,1,1.0,7.2
347,0.0,0,0.0,0.0,0,0,0,0,0,1,0,0,0.0,5.79,0.0,22.62521589,27.63385147,37.30569948,12.43523316,1.04,741.93,1,800,2.0,5.0,0,0.5,2.5,177.8,1,1.0,7.65
77,54.938,25,7.4,1.55,5,0,0,0,1,0,0,0,0.44,8.2,4.0,38.0,43.9,10.3,5.0,1.7,938.0,1,900,2.0,2.0,0,0.1,0.76,177.8,0,1.459184709,6.8
136,58.693,28,7.61,1.91,8,0,0,1,0,0,0,1,3.28,7.520896137,4.0,54.35094773,31.66283745,13.98621482,0.0,0.98,261.0,0,900,1.0,3.0,0,0.5,0.1,177.8,1,0.5,7.2
269,65.38,30,9.35,1.65,10,1,0,0,0,0,0,0,4.0,9.51,4.0,46.64767966,20.44955542,16.16022322,16.74254171,1.127249137,858.9,0,950,2.0,5.0,0,0.1,0.6,177.8,0,1.0,6.8
556,58.693,28,7.61,1.91,8,0,0,0,0,1,0,0,6.107048027,8.641170168,4.0,44.69627902,30.98060002,22.0205661,2.302554861,1.0,537.1664723,1,1000,2.0,5.0,0,0.5,0.8,177.8,0,1.131,7.2
103,0.0,0,0.0,0.0,0,1,0,0,0,0,0,0,0.0,5.41,0.0,42.51386322,11.46025878,21.25693161,24.7689464,1.008561022,623.2403505,0,1000,2.0,4.914007434,0,0.5,1.0,177.8,1,1.0,7.2
73,0.0,0,0.0,0.0,0,0,0,1,0,0,0,0,0.0,6.13,0.0,27.5,9.8,55.6,7.1,1.13,215.0,0,1000,1.0,5.0,0,0.5,0.3,177.8,0,1.2023919,7.2
57,58.693,28,7.61,1.91,8,0,0,0,0,0,0,1,1.57,7.578526301,3.7,78.1,16.9,5.0,0.0,1.09,502.4206011,1,800,2.0,10.0,0,0.5,1.0,177.8,1,1.0,7.2
418,0.0,0,0.0,0.0,0,0,0,1,0,0,0,0,0.0,3.00908,0.0,67.85163572,22.32775466,9.820609622,0.0,0.87,751.6779259,0,1000,1.0,8.101153998,0,0.1,0.4,177.8,1,3.8,6.8
191,58.693,28,7.61,1.91,8,1,0,0,0,0,0,0,2.07,7.29,2.7,53.6351166,29.76680384,11.65980796,4.938271605,1.109732707,923.0,0,1000,4.0,3.0,0,1.0,0.226,127.0,1,2.0,8.8
416,0.0,0,0.0,0.0,0,0,0,1,0,0,0,0,0.0,6.5261,0.0,63.22550988,24.64320191,12.13128821,0.0,0.79,522.9401204,0,800,1.0,9.495162912,0,0.1,0.4,177.8,1,3.8,6.8
72,58.693,28,7.61,1.91,8,0,0,1,0,0,0,0,0.8,5.82,4.0,28.2,9.1,56.6,6.1,1.14,204.0,0,1000,1.0,5.0,0,0.5,0.3,177.8,0,1.103031998,7.2
17,58.693,28,7.61,1.91,8,0,1,0,0,0,0,0,0.59,5.33,4.0,33.2,10.1,56.6,0.0,1.05,757.0,0,800,5.0,2.0,0,0.5,0.255,177.8,0,0.785,7.2
360,58.93,27,7.81,1.88,7,1,0,0,0,0,0,0,4.0,4.324409948,2.0,43.53562005,29.84462035,26.6197596,0.0,1.0,842.0,1,900,2.0,5.0,0,0.1,0.5,177.8,1,1.0,6.8
374,0.0,0,0.0,0.0,0,0,0,0,0,0,0,1,0.0,7.7,0.0,60.0,0.0,34.0,6.0,1.130975681,189.0,0,1050,1.0,3.0,0,0.1,0.5,127.0,1,1.0,6.8
331,0.0,0,0.0,0.0,0,1,0,0,0,0,0,0,0.0,4.509597686,0.0,31.59,16.87,34.82,16.72,1.18,1489.4,0,1100,3.0,5.0,0,0.1,1.5,127.0,1,1.25,6.8
104,55.845,26,7.83,1.83,6,1,0,0,0,0,0,0,0.69,13.68,3.8,69.51724138,17.65517241,7.586206897,5.24137931,1.130726561,1247.0,0,800,2.0,4.636527342,0,0.5,1.0,177.8,1,1.0,7.2
372,0.0,0,0.0,0.0,0,0,0,0,0,0,0,1,0.0,21.4,0.0,61.0,0.0,34.0,5.0,1.181758692,144.0,0,850,1.0,3.0,0,0.1,0.5,127.0,1,1.0,6.8
620,55.845,26,7.83,1.83,6,1,0,0,0,0,0,0,0.2,2.9,4.0,44.40184049,18.70398773,14.04141104,22.85276074,1.024,360.1,0,1000,3.0,3.714873143,0,0.1,1.0,177.8,1,1.0,6.8
155,55.845,26,7.83,1.83,6,1,0,0,0,0,0,0,2.1,4.453251285,4.0,44.41299366,0.0,45.46884126,10.11816507,1.269969796,1361.252988,0,1000,3.0,5.0,1,1.0,1.0,177.8,1,2.25,8.8
332,55.845,26,7.83,1.83,6,0,0,0,0,0,0,1,1.2,3.38488143,4.7,17.88255664,14.97286683,48.45330349,18.69127304,1.38,769.603795,0,1000,1.0,5.0,0,0.1,0.2,177.8,0,0.19625,6.8
496,55.845,26,7.83,1.83,6,0,0,1,0,0,0,0,2.349903163,2.598450613,4.0,79.03930131,6.113537118,6.550218341,8.296943231,0.931,153.0,1,800,2.0,2.0,0,0.1,2.0,177.8,1,1.0,6.8
601,58.693,28,7.61,1.91,8,0,0,1,0,0,0,0,0.244,2.27,3.9,61.23348018,26.43171806,12.33480176,0.0,1.0,1515.0,0,1000,1.0,5.0,0,0.1,1.0,25.0,1,1.155350545,8.0
528,0.0,0,0.0,0.0,0,0,0,1,0,0,0,0,0.0,7.83,0.0,43.8,20.6,28.1,7.6,1.25,353.4824857,0,100,2.0,3.077539008,0,0.1,0.685767035,177.8,1,1.125829336,6.8
92,58.93,27,7.81,1.88,7,0,0,0,0,0,1,0,0.72,3.12,4.0,42.87573195,29.67902841,27.44523964,0.0,0.92,315.0358753,0,700,1.506148809,7.965496369,0,0.5,0.1,127.0,0,0.5027,7.2
119,58.693,28,7.61,1.91,8,0,0,0,0,0,0,1,1.2,6.858753905,4.0,34.61342396,14.46049278,39.18436703,11.74171623,1.15682429,455.6586426,0,900,2.0,3.0,0,0.5,0.2,177.8,1,1.0,7.2
512,0.0,0,0.0,0.0,0,0,1,0,0,0,0,0,0.0,5.163621961,0.0,33.23,32.31,22.15,12.31,1.03,1000.0,1,910,3.0,2.0,0,0.1,1.0,177.8,1,1.0,6.8
656,107.868,47,7.54,1.93,10,1,1,0,0,0,0,0,0.096,9.496574089,3.0,51.16,30.23,18.6,0.0,1.04,1226.0,1,1000,1.0,4.458093109,0,0.1,0.858399521,25.0,1,0.743583123,6.8
21,58.693,28,7.61,1.91,8,0,1,0,0,0,0,0,0.42,4.44,4.0,32.6,6.7,60.8,0.0,1.04,1650.0,1,800,5.0,2.0,0,0.5,0.255,177.8,0,0.785,7.2
490,0.0,0,0.0,0.0,0,0,0,0,0,0,0,1,0.0,9.046223958,0.0,23.42158859,18.73727088,57.84114053,0.0,1.05,497.7209627,0,900,2.0,5.0,0,0.1,0.4,177.8,0,0.785,6.8
457,0.0,0,0.0,0.0,0,0,0,0,0,1,0,0,0.0,2.8,0.0,31.80551191,25.94593499,42.2485531,0.0,0.62,727.1162977,0,850,1.302028925,8.90381144,0,0.1,0.5,50.0,1,3.8,6.8
109,55.845,26,7.83,1.83,6,1,0,0,0,0,0,0,0.51,4.09,3.0,32.18673219,21.86732187,29.72972973,16.21621622,1.129001937,1298.0,0,1000,2.0,5.285144231,0,0.5,1.0,177.8,1,1.0,7.2
403,0.0,0,0.0,0.0,0,0,0,0,0,0,0,1,0.0,5.45,0.0,14.1025641,17.03296703,46.7032967,22.16117216,1.10687861,308.9,0,600,2.679997761,3.844786469,0,0.5,0.2,177.8,1,4.0,7.3
647,55.845,26,7.83,1.83,6,1,0,0,0,0,0,0,0.58,8.905813337,6.0,50.62,35.84,13.54,0.0,1.02,622.677809,0,800,6.0,5.0,0,1.0,0.75,127.0,1,4.0,13.8
423,0.0,0,0.0,0.0,0,0,0,0,1,0,0,0,0.0,3.704928879,0.0,50.0,31.25,18.75,0.0,0.862585335,1332.0,0,800,0.5,30.0,0,0.1,2.5,177.8,1,1.0,6.8
648,55.845,26,7.83,1.83,6,1,0,0,0,0,0,0,0.57,9.451166446,5.0,63.87,27.05,9.08,0.0,0.99,730.236858,0,900,6.0,5.0,0,1.0,0.75,127.0,1,4.0,13.8
245,58.693,28,7.61,1.91,8,0,0,0,0,0,1,0,1.93,1.9,3.5,61.00364452,30.50182226,8.494533221,0.0,1.755946747,1369.0,1,650,2.0,10.0,1,0.5,2.0,177.8,1,1.0,7.2
396,55.845,26,7.83,1.83,6,0,0,0,0,0,0,1,0.26,3.209259081,5.0,8.0,18.18181818,65.09090909,8.727272727,1.25,897.0,1,1000,2.0,5.0,0,0.1,1.0,177.8,1,1.0,6.8
315,55.845,26,7.83,1.83,6,0,0,0,0,1,0,0,1.8,3.61,4.7,57.0,14.0,20.0,8.0,1.025613445,287.0,0,900,1.0,6.288320443,0,0.1,0.8,127.0,1,0.896340946,6.8
466,0.0,0,0.0,0.0,0,0,0,0,0,0,0,1,0.0,4.55,0.0,23.73626374,38.68131868,34.28571429,3.076923077,1.33,802.0,0,1000,2.0,5.0,0,0.1,0.2,177.8,0,1.0,6.8
320,58.693,28,7.61,1.91,8,1,0,0,0,0,0,0,4.211922203,8.64170245,3.9,55.22198194,24.28444218,10.81287368,9.680702201,1.067551483,789.0,1,900,2.0,5.0,0,0.5,1.0,177.8,1,1.0,7.2
86,58.93,27,7.81,1.88,7,1,0,0,0,0,0,0,0.486178484,2.542172372,4.0,45.99,0.0,49.69,11.67,0.97,702.0,0,1100,1.0,5.901441987,0,0.1,0.6,127.0,1,1.0,6.8
8,55.845,26,7.83,1.83,6,0,1,0,0,0,0,0,3.03,6.216885976,5.0,45.44372138,22.08075383,26.10742407,4.793409562,1.128950691,693.1074976,0,25,24.0,2.0,0,0.2,0.3,177.8,1,1.159404987,7.0
615,0.0,0,0.0,0.0,0,0,0,0,1,0,0,0,0.0,4.506810252,0.0,16.5,3.94,48.62,30.94,1.02,160.0,0,1000,1.0,1.0,0,0.5,4.0,177.8,1,1.0,7.3
642,58.693,28,7.61,1.91,8,0,1,0,0,0,0,0,0.15,5.005154666,2.552,42.39715965,0.0,46.54750245,11.0553379,1.01,549.520729,1,900,1.725938974,4.935307124,0,0.1,0.5,177.8,1,0.5,6.8
69,58.693,28,7.61,1.91,8,1,0,0,0,0,0,0,52.48,13.63201182,12.0,46.79,27.52,14.73,10.95,0.826324954,425.9676049,1,1000,2.0,5.0,0,0.5,0.768598419,177.8,1,0.859247954,7.0
40,58.93,27,7.81,1.88,7,1,0,0,0,0,0,0,0.25,15.7266,3.1,60.17021522,21.87210175,13.51630707,4.495061079,1.101689477,666.0178213,0,900,3.0,5.0,0,0.5,0.8,127.0,1,0.5,6.8
314,55.845,26,7.83,1.83,6,0,0,0,0,1,0,0,1.75,2.8,4.7,61.0,15.0,15.0,8.0,1.006149234,224.0,0,900,1.0,6.50376851,0,0.1,0.8,127.0,1,0.872547483,6.8
224,55.845,26,7.83,1.83,6,0,0,0,0,0,0,1,2.14,11.93,4.0,46.85666387,0.0,44.34199497,8.801341157,1.159443124,358.3235956,0,900,1.0,3.0,0,0.1,0.3,127.0,1,1.0,6.8
31,55.845,26,7.83,1.83,6,0,0,1,0,0,0,0,3.2,6.113147006,5.0,50.28,19.37,20.11,10.23,0.956250267,536.379432,0,500,1.0,20.0,0,0.1,0.2,177.8,1,1.0,6.8
167,58.693,28,7.61,1.91,8,0,1,0,0,0,0,0,2.08994,19.38522,3.6,63.54886542,27.25652703,4.940868318,4.253739235,1.07,422.6,1,800,2.0,10.0,0,0.5,0.2,127.0,1,0.25,7.2
560,55.845,26,7.83,1.83,6,0,1,0,0,0,0,0,1.55,7.47844202,4.0,40.97,12.5,43.87,2.66,1.058035152,344.0,1,900,1.0,6.409257634,0,0.5,1.0,127.0,0,0.785,7.2
93,55.845,26,7.83,1.83,6,1,0,0,0,0,0,0,3.721434048,4.886824379,4.4,43.80952381,17.07833765,53.94661309,0.0,0.91,1032.99823,0,900,1.0,10.0,0,0.1,0.4,127.0,1,0.25,6.8
361,55.845,26,7.83,1.83,6,0,0,0,1,0,0,0,2.6,3.825766306,4.0,25.0,19.0,44.0,12.0,1.08,639.0,1,900,3.0,3.870799424,0,0.1,0.2,127.0,1,1.0,6.8
362,55.845,26,7.83,1.83,6,0,0,0,1,0,0,0,1.82,4.606459434,5.0,28.0,11.0,50.0,11.0,1.22,1353.0,1,900,3.0,3.949757669,0,0.1,0.2,127.0,1,1.0,6.8
240,58.693,28,7.61,1.91,8,0,0,0,0,0,1,0,1.96,2.9,3.5,62.52873563,31.26436782,6.206896552,0.0,1.690039338,1564.0,1,650,2.0,10.0,1,0.5,2.0,177.8,1,1.0,7.2
325,0.0,0,0.0,0.0,0,1,0,0,0,0,0,0,0.0,11.07004857,0.0,37.94021294,35.32964783,26.73013923,0.0,1.05,515.7913819,1,800,1.0,5.0,0,0.1,0.8,177.8,1,1.5,6.8
641,58.693,28,7.61,1.91,8,0,1,0,0,0,0,0,0.15,4.631660988,4.0,27.28388567,0.0,62.07259337,10.64352095,0.99,836.0900211,1,800,2.800065296,4.546046089,0,0.1,0.5,177.8,1,0.5,6.8
99,58.693,28,7.61,1.91,8,1,0,0,0,0,0,0,1.89,7.738822745,3.8,48.59098229,30.07246377,21.33655395,0.0,1.280831575,1202.0,0,1000,2.0,5.0,0,0.5,0.8,177.8,1,1.0,7.2
567,55.845,26,7.83,1.83,6,0,1,0,0,0,0,0,3.0,3.0,4.0,38.7,8.0,40.9,12.3,1.118621251,430.1,1,900,2.0,5.0,0,0.5,1.0,127.0,0,1.0,7.2
610,63.546,29,7.69,1.9,10,0,0,0,0,0,0,1,5.05,13.84875211,4.1,52.20078666,24.55516014,18.14946619,5.094587001,1.068665599,601.6931657,0,700,2.0,5.0,0,0.5,1.0,177.8,1,1.0,7.3
152,58.693,28,7.61,1.91,8,1,0,0,0,0,0,0,2.2,5.374686235,4.0,46.13248967,0.0,42.28434917,11.58316116,1.326824359,1066.063913,0,1000,3.0,5.0,0,0.5,0.4,177.8,1,2.25,7.2
492,55.845,26,7.83,1.83,6,0,0,0,0,0,0,1,4.100807592,6.159067341,12.0,36.50793651,27.24867725,36.24338624,0.0,1.24,591.6938944,0,900,2.0,5.0,0,0.1,0.4,177.8,0,0.785,6.8
519,0.0,0,0.0,0.0,0,1,0,0,0,0,0,0,0.0,2.962409759,0.0,45.90626765,0.0,45.68040655,8.413325805,0.94,767.497302,0,1100,1.0,7.559285436,0,0.1,0.6,127.0,1,1.0,6.8
307,58.93,27,7.81,1.88,7,1,0,0,0,0,0,0,0.9,7.692344328,3.8,34.57403924,45.43133566,19.9946251,0.0,1.04,692.0,0,900,2.0,3.0,0,0.1,0.32,177.8,0,0.031415927,6.8
621,55.845,26,7.83,1.83,6,1,0,0,0,0,0,0,0.2,2.9,4.0,44.40184049,18.70398773,14.04141104,22.85276074,1.024,360.1,0,1000,3.0,3.71892041,0,0.5,1.0,177.8,1,1.0,7.2
515,58.693,28,7.61,1.91,8,0,0,0,0,0,1,0,1.0,0.54,4.0,40.1734,7.66749,23.10336,29.05575,1.644115078,926.6043544,0,900,2.0,6.913061896,0,0.1,1.414,177.8,0,0.70685,6.8
644,58.93,27,7.81,1.88,7,0,0,0,0,0,1,0,2.15,1.03,8.0,26.11650485,3.203883495,58.54368932,12.13592233,1.07,308.4339694,1,900,2.5,5.0,0,0.1,0.729393284,177.8,1,1.0,6.8
66,58.693,28,7.61,1.91,8,1,0,0,0,0,0,0,1.64,29.07,4.0,46.79,27.52,14.73,10.95,1.097494257,519.1764894,1,1000,2.0,5.0,0,0.5,0.749372608,177.8,1,1.006385545,7.0
636,65.38,30,9.35,1.65,10,0,0,0,0,0,0,1,0.34,2.520927701,4.2,57.63,29.46,12.91,0.0,2.47,2176.56,1,900,3.0,5.0,0,0.5,1.0,127.0,1,1.0,7.2
308,58.93,27,7.81,1.88,7,1,0,0,0,0,0,0,0.7,8.589306268,3.7,53.95465995,0.0,46.04534005,0.0,1.02,638.0,1,900,2.0,3.0,1,1.0,0.32,177.8,0,0.031415927,8.8
497,55.845,26,7.83,1.83,6,0,0,1,0,0,0,0,1.948629971,2.311165779,4.0,74.01960784,11.2745098,9.31372549,5.392156863,0.931,160.0,1,800,2.0,2.0,0,0.1,2.0,177.8,1,1.0,6.8
285,55.845,26,7.83,1.83,6,1,0,0,0,0,0,0,1.47,10.15,4.0,70.14778325,15.27093596,11.42857143,3.15270936,0.94,705.0,1,900,4.0,3.0,0,0.5,2.0,127.0,1,2.011594904,7.2
532,58.693,28,7.61,1.91,8,0,0,0,0,1,0,0,0.17,2.3,3.2,57.72292994,28.125,14.15207006,0.0,1.435293653,971.9094346,1,850,3.0,2.2,0,0.5,2.0,177.8,0,0.5,7.2
123,58.693,28,7.61,1.91,8,1,0,0,0,0,0,0,0.97,7.13340806,4.0,45.7,43.8,6.25,4.16,0.97,631.0987364,0,1000,1.0,7.289453898,0,0.5,0.5,177.8,0,0.848419761,7.2
140,55.845,26,7.83,1.83,6,0,0,1,0,0,0,1,3.28,7.509832905,4.0,40.0455298,49.57057119,10.38389901,0.0,0.98,331.2623194,0,900,1.0,3.0,0,0.5,0.1,177.8,1,0.5,7.2
52,55.845,26,7.83,1.83,6,0,1,0,0,0,0,0,0.4,3.770429861,4.0,24.1,16.53,38.8,20.57,1.033348485,742.0,1,1000,1.0,5.779426014,0,0.5,0.5,177.8,0,2.0,7.2
516,58.693,28,7.61,1.91,8,0,0,0,0,0,1,0,1.0,1.45,4.0,54.23719,15.32941,15.32941,15.10398,1.534502868,953.8692465,0,950,2.0,6.003049765,0,0.1,1.414,177.8,0,0.70685,6.8
198,55.845,26,7.83,1.83,6,1,0,0,0,0,0,0,3.4,5.270791155,4.0,64.9751733,16.84130836,10.69041588,7.716799285,0.907638376,623.4831989,0,1050,1.0,8.02780492,0,0.5,1.0,177.8,1,1.0,7.2
101,54.938,25,7.4,1.55,5,0,0,0,0,1,0,0,0.17,9.8,3.2,50.6,38.6,10.8,0.0,1.093104983,221.0,0,600,1.0,3.124546117,0,0.5,0.167,177.8,1,1.0,7.2
163,63.546,29,7.69,1.9,10,0,0,1,0,0,0,0,1.19,7.050993443,4.0,50.16896598,22.47665696,21.15613064,6.142818094,1.068520983,340.5493228,1,700,2.0,5.0,0,0.1,0.5,177.8,1,0.5,6.8
666,112.411,48,8.95,1.69,10,0,0,1,0,0,0,0,6.7,11.03143536,4.0,57.3,5.1,37.6,0.0,0.98,510.5,0,850,1.0,1.0,0,0.5,1.5,177.8,1,1.0,7.2
352,58.693,28,7.61,1.91,8,0,1,0,0,0,0,0,2.61,3.06,4.0,44.2,30.3,20.2,5.1,0.96,545.0,1,900,2.0,5.0,0,0.1,0.48,177.8,1,1.0,6.8
334,58.693,28,7.61,1.91,8,1,0,0,0,0,0,0,14.11403542,11.96760386,4.0,60.54522193,0.0,28.74717055,10.70760752,1.01721483,579.5449365,1,500,2.0,5.0,0,0.5,1.0,127.0,1,1.0,7.2
128,58.693,28,7.61,1.91,8,0,0,0,0,0,1,0,0.953383072,2.453946912,4.0,45.10628709,20.98700518,12.61173289,21.29497484,0.900747346,237.9225274,0,800,1.0,10.34424256,0,0.5,0.2,177.8,0,2.0,7.2
226,58.93,27,7.81,1.88,7,0,0,0,0,0,0,1,2.52,12.63,4.0,48.37688044,0.0,44.89311164,6.730007918,1.184493307,387.757334,0,900,1.0,3.0,0,0.1,0.3,127.0,1,1.0,6.8
175,58.693,28,7.61,1.91,8,0,0,0,0,1,0,0,6.11,7.347705754,4.0,58.5,15.6,21.3,4.6,1.07024545,451.681389,1,650,3.0,5.0,0,0.5,0.5,177.8,1,1.0,7.3
655,107.868,47,7.54,1.93,10,1,1,0,0,0,0,0,0.088,10.24527815,2.0,53.84,26.37,19.78,0.0,1.02,945.7,1,1000,1.0,4.627639628,0,0.1,0.797946442,25.0,1,0.710558979,6.8
622,55.845,26,7.83,1.83,6,1,0,0,0,0,0,0,0.2,2.9,4.0,44.40184049,18.70398773,14.04141104,22.85276074,1.024,360.1,0,1000,3.0,3.538486409,0,1.0,1.0,177.8,1,1.0,8.8
281,55.845,26,7.83,1.83,6,1,0,0,0,0,0,0,1.78,6.91,4.0,56.43994211,25.03617945,11.72214182,6.801736614,1.05,817.7,1,900,4.0,3.0,0,1.0,2.0,127.0,1,2.277920029,8.8
296,118.71,50,7.37,1.96,10,0,0,0,1,0,0,0,43.33410461,2.497919451,4.0,25.6,0.0,74.4,0.0,1.029338078,610.3448505,0,900,2.0,3.0,0,0.1,0.325,177.8,1,1.0,6.8
107,55.845,26,7.83,1.83,6,1,0,0,0,0,0,0,0.59,4.05,3.0,43.7037037,17.77777778,27.40740741,11.11111111,1.108008553,1243.0,0,1000,2.0,5.488241642,0,0.5,1.0,177.8,1,1.0,7.2
503,55.845,26,7.83,1.83,6,0,0,0,0,1,0,0,0.98339719,3.173690932,12.0,48.24,15.14,28.17,8.45,1.23,469.6,0,850,2.0,3.0,0,0.5,0.3,177.8,0,0.5,7.3
467,0.0,0,0.0,0.0,0,0,0,0,0,0,0,1,0.0,3.9,0.0,24.35897436,28.97435897,32.56410256,14.1025641,1.23,974.0,0,1100,2.0,5.0,0,0.1,0.2,177.8,0,1.0,6.8
578,58.693,28,7.61,1.91,8,0,0,0,0,0,0,1,2.7,5.6,3.0,54.7,28.7,12.1,4.4,1.005647917,454.422902,0,800,1.0,5.676494715,0,0.5,0.425002936,177.8,0,1.0,7.3
402,0.0,0,0.0,0.0,0,0,0,0,0,0,0,1,0.0,5.82,0.0,15.29209622,12.54295533,43.29896907,28.86597938,1.134067678,235.8,0,600,2.51573251,3.745515042,0,0.5,0.2,177.8,1,4.0,7.3
29,58.93,27,7.81,1.88,7,0,0,0,0,0,1,0,1.22,2.751068733,4.0,53.28899487,19.10123359,21.63286372,6.641636969,1.898754538,1149.754734,1,70,3.0,5.613669392,0,0.1,4.88,127.0,1,0.5,6.8
646,58.693,28,7.61,1.91,8,0,0,0,0,1,0,0,2.0,9.277295795,4.0,88.45875543,5.76803804,1.240438288,4.532768245,1.010110555,321.0653725,1,500,1.33,60.0,0,0.5,1.0,177.8,1,0.49,7.3
35,55.845,26,7.83,1.83,6,0,0,0,0,0,0,1,3.9,7.939083938,4.0,52.71,16.17,10.86,20.27,1.08,730.5940198,0,800,2.0,5.013314504,0,0.5,1.0,177.8,1,1.0,7.2
39,58.93,27,7.81,1.88,7,1,0,0,0,0,0,0,0.25,15.8146,2.2,54.51531953,24.36164919,16.31191296,6.268571257,1.083012286,651.3157736,0,1000,3.0,5.0,0,0.5,0.8,127.0,1,0.5,6.8
634,65.38,30,9.35,1.65,10,0,0,0,0,0,0,1,0.34,1.760922176,4.2,53.73,26.23,20.04,0.0,2.51,2176.56,1,900,1.0,5.0,0,0.5,1.0,127.0,1,1.0,7.2
215,58.693,28,7.61,1.91,8,1,0,0,0,0,0,0,2.01,4.727602668,4.0,44.94940833,19.97942034,17.49271137,17.57845996,0.994499209,602.930251,0,1000,2.0,5.0,0,0.5,0.8,177.8,1,0.5,7.2
345,0.0,0,0.0,0.0,0,0,1,0,0,0,0,1,0.0,10.2,0.0,61.88990826,21.5733945,16.53669725,0.0,0.57,466.25,1,900,3.0,5.0,0,0.5,0.936,177.8,0,1.0,7.2
34,58.693,28,7.61,1.91,8,0,0,0,0,0,0,1,2.7,8.07019133,4.0,70.0,13.19,10.62,11.17,1.04,521.7646216,0,800,2.0,5.186529766,0,0.5,1.0,177.8,1,1.0,7.2
628,55.845,26,7.83,1.83,6,0,0,0,0,0,0,1,0.85,4.880280135,4.0,62.40485252,31.76736441,5.827783064,0.0,0.955374521,819.0,0,800,1.0,10.0,0,0.5,1.0,177.8,1,1.0,7.2
499,55.845,26,7.83,1.83,6,0,0,0,0,1,0,0,2.364327238,3.86,4.0,47.66839378,8.29015544,37.56476684,6.476683938,1.37,868.5081209,1,850,3.0,2.0,0,0.1,0.3,127.0,1,1.0,6.8
437,0.0,0,0.0,0.0,0,0,1,0,0,0,0,0,0.0,9.046276646,0.0,44.1,29.9,17.8,8.3,0.89,899.0,1,900,2.0,5.0,0,0.1,0.5,177.8,0,1.070942697,6.8
654,58.693,28,7.61,1.91,8,0,1,0,1,0,0,0,1.03,2.91,4.0,41.0,24.0,35.0,0.0,0.87,91.0,1,100,2.0,2.0,0,0.5,1.0,127.0,1,1.0,7.3
37,58.93,27,7.81,1.88,7,1,0,0,0,0,0,0,0.6,10.64064329,4.1,52.43,27.22,20.34,0.0,1.02,733.2495942,0,800,3.0,4.453063802,0,0.1,2.0,127.0,1,0.5,6.8
244,58.693,28,7.61,1.91,8,0,0,0,0,0,1,0,0.73,4.4,3.5,22.87636669,11.43818335,65.68544996,0.0,1.073653021,47.0,1,650,2.0,10.0,1,0.5,2.0,177.8,1,1.0,7.2
289,55.845,26,7.83,1.83,6,0,0,0,0,0,1,0,0.472466601,3.76344086,3.5,41.0,45.9,10.5,2.6,0.943136289,85.99306,1,900,1.0,30.0,0,0.1,0.75,50.0,0,1.0,6.8
79,58.93,27,7.81,1.88,7,0,0,0,1,0,0,0,1.11,10.5,4.0,41.5,41.6,9.8,4.4,1.79,758.0,0,900,2.0,2.0,0,0.1,0.76,177.8,0,1.10156548,6.8
302,58.693,28,7.61,1.91,8,1,0,0,0,0,0,0,1.019820972,4.587595908,4.3,47.85214785,26.67332667,11.98801199,13.48651349,0.967502515,223.0,0,1050,1.0,6.741439037,0,0.1,0.8,177.8,0,0.196,6.7
506,0.0,0,0.0,0.0,0,0,0,0,1,0,1,0,0.0,4.198005368,0.0,41.0,14.0,40.0,5.0,2.74,1055.836909,1,800,3.0,5.0,0,0.5,1.239311071,177.8,0,0.503,7.2
120,58.693,28,7.61,1.91,8,1,0,0,0,0,0,0,2.14,4.929365706,4.3,35.693,18.241,46.066,0.0,1.477324878,1174.0,0,900,1.0,5.0,0,0.5,0.4,177.8,0,1.0,7.2
95,55.845,26,7.83,1.83,6,1,0,0,0,0,0,0,2.826781398,5.420706679,4.4,42.82608696,14.64080544,56.17585485,0.0,0.95,513.05528,0,900,1.0,10.0,0,0.1,0.4,127.0,1,0.25,6.8
384,0.0,0,0.0,0.0,0,0,0,0,0,1,0,0,0.0,9.33,0.0,27.1,46.1,11.3,15.5,0.52,241.0,0,800,1.0,9.551519057,0,0.1,2.0,177.8,1,2.0,6.8
475,0.0,0,0.0,0.0,0,0,0,1,0,0,0,1,0.0,12.59,0.0,43.0,0.0,52.0,5.0,1.11,126.0,0,900,1.0,2.596581592,0,0.1,0.8,127.0,1,1.0,6.8
242,58.693,28,7.61,1.91,8,0,0,0,0,0,1,0,0.24,1.3,3.5,43.07692308,21.53846154,35.38461538,0.0,1.85339958,1564.0,1,850,2.0,10.0,1,0.5,2.0,177.8,1,1.0,7.2
408,0.0,0,0.0,0.0,0,0,0,0,0,0,0,1,0.0,5.79,0.0,12.4567474,12.28373702,47.23183391,28.02768166,1.150718778,235.8,1,600,2.707791927,3.964763627,0,0.5,0.2,177.8,1,4.0,7.3
566,55.845,26,7.83,1.83,6,0,1,0,0,0,0,0,3.9,3.9,4.0,44.4,4.7,38.8,12.1,1.117339337,579.5,1,900,2.0,5.0,0,0.5,1.0,127.0,0,1.0,7.2
417,0.0,0,0.0,0.0,0,0,0,1,0,0,0,0,0.0,3.78865,0.0,57.70393148,28.52414448,13.77192404,0.0,0.83,810.1230903,0,900,1.0,8.666997376,0,0.1,0.4,177.8,1,3.8,6.8
185,58.693,28,7.61,1.91,8,1,0,0,0,0,0,0,2.07,7.29,2.7,53.6351166,29.76680384,11.65980796,4.938271605,1.03488809,923.0,0,1000,4.0,3.0,0,1.0,2.0,127.0,1,2.0,8.8
0,55.845,26,7.83,1.83,6,0,0,1,0,0,0,0,5.9,13.9,5.0,47.74,31.34,17.88,3.04,1.07,118.0,1,800,2.0,2.0,0,0.1,2.0,177.8,1,1.0,6.8
614,65.38,30,9.35,1.65,10,0,0,0,1,0,0,0,0.13,4.996471875,4.0,38.4,38.3,16.33,6.97,0.99,25.39,0,1000,1.0,1.0,0,0.5,4.0,177.8,1,1.0,7.3
266,55.845,26,7.83,1.83,6,1,0,0,0,0,0,0,0.16,10.1,4.0,63.862496,16.90776129,19.22974271,0.0,1.03,678.2,0,950,2.0,4.212221209,0,0.5,1.0,177.8,1,1.0,7.2
2,55.845,26,7.83,1.83,6,1,0,0,0,0,0,0,1.78,4.72,4.0,49.17,15.13,28.89,6.8,0.94,461.0,0,800,2.0,5.333,0,0.5,0.3,127.0,1,1.0,7.2
318,55.845,26,7.83,1.83,6,0,0,0,0,1,0,0,1.75,2.8,4.7,61.0,15.0,15.0,8.0,1.055897879,224.0,0,900,1.0,5.286583338,0,1.0,0.8,127.0,1,1.017767281,8.8
387,63.546,29,7.69,1.9,10,1,0,0,0,0,0,0,1.4,6.751228107,4.0,46.83293657,36.57863706,9.789307407,6.799118962,1.002883203,629.9706847,0,1050,1.0,5.0,0,0.1,2.0,177.8,1,1.0,7.2
463,0.0,0,0.0,0.0,0,0,0,1,0,0,0,0,0.0,5.53019,0.0,45.42484074,33.94476501,9.692433714,9.692433714,1.11,1223.0,0,600,0.5,1.0,0,0.1,1.2,177.8,1,1.0,6.8
28,58.93,27,7.81,1.88,7,0,0,0,0,0,1,0,0.83,2.893584137,4.0,52.62841956,19.63034232,23.32293284,5.656855768,1.875726211,1149.935148,1,70,3.0,5.787242461,0,0.1,4.88,127.0,1,0.5,6.8
590,0.0,0,0.0,0.0,0,0,0,0,0,1,0,0,0.0,24.65026532,0.0,38.11,52.4,9.49,0.0,1.0,475.65,1,800,2.0,5.381331393,0,0.5,1.0,177.8,0,0.2,7.2
501,55.845,26,7.83,1.83,6,0,0,0,0,1,0,0,16.37848842,12.41013219,12.0,54.82,43.18,0.0,0.0,1.34,22.5,0,650,2.0,3.0,0,0.5,0.3,177.8,0,0.5,7.3
564,55.845,26,7.83,1.83,6,0,1,0,0,0,0,0,2.7,2.7,4.0,44.4,4.7,38.8,12.1,1.11747328,561.273538,1,900,2.0,5.0,0,0.5,1.0,127.0,0,1.0,7.2
549,58.693,28,7.61,1.91,8,0,0,0,0,1,0,0,43.81577576,15.31728665,4.0,64.49250153,24.25824507,10.50175215,2.151254606,0.4,130.0,0,800,1.0,10.0,1,0.5,0.5,177.8,1,1.0,7.2
397,55.845,26,7.83,1.83,6,1,0,0,0,0,0,0,1.74,5.15,4.4,52.91828794,37.54863813,7.19844358,2.33463035,0.98,1241.0,0,1000,1.0,2.0,0,0.5,0.1,127.0,1,1.0,7.2
541,0.0,0,0.0,0.0,0,0,0,1,0,0,0,0,0.0,10.8,0.0,38.54599,11.12816,44.568,5.75785,1.176213884,258.0,0,900,2.0,2.0,0,0.1,1.0,177.8,1,1.0,6.8
505,0.0,0,0.0,0.0,0,0,0,0,0,1,0,0,0.0,7.852381727,0.0,9.8,55.9,24.9,9.4,0.63,473.9422623,0,1060,1.730116869,7.920847189,0,0.1,1.41035047,177.8,1,2.389628174,6.8
111,58.693,28,7.61,1.91,8,0,0,0,0,1,0,0,0.087,2.5,4.2,40.81781672,36.49142023,17.99926981,4.691493246,0.990054166,607.4975982,0,700,2.0,4.883315528,0,0.1,1.0,177.8,1,1.0,6.8
139,0.0,0,0.0,0.0,0,0,0,1,0,0,0,1,0.0,7.440956733,0.0,29.78993536,48.59187442,21.61819021,0.0,0.98,200.0,0,900,1.0,3.0,0,0.5,0.1,177.8,1,0.5,7.2
212,58.693,28,7.61,1.91,8,0,0,0,0,1,0,0,4.04,5.727205076,4.0,48.90811356,16.67226608,15.70636654,18.71325382,1.025313305,598.6377937,0,1000,2.0,5.0,0,0.5,0.8,177.8,1,0.5,7.2
216,58.693,28,7.61,1.91,8,0,0,0,0,0,1,0,9.25,3.407424121,12.0,44.69661881,14.590088,17.04492821,23.66836498,1.404130333,769.2539398,0,1000,2.0,5.0,0,0.5,0.8,177.8,1,0.5,7.2
254,58.693,28,7.61,1.91,8,0,0,0,1,0,0,0,2.267041901,7.551594747,4.1,8.854891052,21.04775151,38.27074641,31.82661103,1.121643445,378.0,1,700,3.0,4.228338805,0,0.1,0.64773859,177.8,1,1.863106042,6.8
495,55.845,26,7.83,1.83,6,0,0,1,0,0,0,0,1.704145045,3.161637517,4.0,68.68327402,7.829181495,11.03202847,12.45551601,0.94,169.0,1,800,2.0,2.0,0,0.1,2.0,177.8,1,1.0,6.8
399,63.546,29,7.69,1.9,10,1,0,0,0,0,0,0,0.51,3.15,3.0,50.0,42.99363057,1.910828025,5.095541401,0.98,1075.0,0,1000,1.0,2.0,0,0.5,0.1,127.0,1,1.0,7.2
220,65.38,30,9.35,1.65,10,0,0,0,0,0,1,0,0.01,0.61,4.0,68.85245902,14.75409836,16.39344262,0.0,2.89,1292.4,0,1100,1.0,8.660369953,0,0.5,1.0,177.8,1,1.0,7.2
143,63.546,29,7.69,1.9,10,0,0,1,0,0,0,0,2.1,3.79,4.0,43.4,25.8,25.7,5.1,1.028404816,326.1994934,1,900,0.0125,5.900555195,0,0.1,0.3,177.8,0,2.0,6.8
326,0.0,0,0.0,0.0,0,1,0,0,0,0,0,0,0.0,15.3473426,0.0,27.36630119,0.0,72.63369881,0.0,0.98,493.0,1,900,1.0,5.0,0,0.1,0.8,177.8,1,1.5,6.8
543,55.845,26,7.83,1.83,6,0,0,1,0,0,0,0,0.71,10.6,3.8,40.14181,11.84868,44.99145,3.01806,1.28,279.0,0,900,2.0,2.0,0,0.1,1.0,177.8,1,1.0,6.8
82,58.693,28,7.61,1.91,8,0,0,0,1,0,0,0,0.5,7.6,3.8,39.82401656,12.37060041,47.80538302,0.0,1.106347103,567.4895172,1,900,2.0,5.0,0,0.1,1.0,177.8,1,5.0,6.8
187,58.693,28,7.61,1.91,8,1,0,0,0,0,0,0,0.72,11.37,2.7,63.67634125,21.63588391,10.55408971,4.133685136,1.001966825,893.0,0,900,4.0,3.0,0,1.0,2.0,127.0,1,2.0,8.8
607,0.0,0,0.0,0.0,0,0,0,0,1,0,1,0,0.0,2.33,0.0,25.4,3.39,52.5,18.6,1.018004948,373.0,1,1000,1.0,5.0,0,0.5,0.3,177.8,1,1.0,7.2
23,55.845,26,7.83,1.83,6,0,0,0,0,0,1,0,1.33,1.38,3.6,40.5,34.1,15.5,8.8,1.03,217.0,0,1000,1.0,5.0,0,0.1,0.58,177.8,1,1.0,6.8
277,0.0,0,0.0,0.0,0,0,0,1,0,0,0,0,0.0,0.53623,0.0,26.99242002,38.06689221,31.52755771,3.413130059,2.4,301.0,0,700,3.0,4.179670164,0,0.5,0.589,177.8,0,0.070685835,7.5
660,58.693,28,7.61,1.91,8,0,0,0,1,0,0,0,3.49,2.16,10.36,31.58754345,23.41411902,30.19736157,12.26197513,1.0,352.0,0,1000,4.0,3.87016356,0,0.5,0.028653295,177.8,1,1.0,7.3
422,0.0,0,0.0,0.0,0,0,1,0,0,0,0,0,0.0,5.0,0.0,37.2596312,13.93864977,48.80171903,0.0,0.89,85.0,1,800,4.0,3.844980394,0,0.5,0.649841032,177.8,0,1.301298096,7.3
477,0.0,0,0.0,0.0,0,0,0,1,0,0,0,1,0.0,13.8,0.0,52.0,0.0,44.0,4.0,1.2,160.0,0,900,1.0,2.221962136,0,0.1,0.8,127.0,1,1.0,6.8
70,58.693,28,7.61,1.91,8,0,0,0,0,1,0,0,2.14,5.401029567,4.0,55.02691439,8.942524744,18.7011634,17.32939746,0.92,143.97,1,1000,2.0,10.0,0,0.5,0.53167424,127.0,1,0.838457515,7.2
390,63.546,29,7.69,1.9,10,1,0,0,0,0,0,0,1.4,6.394900491,4.0,46.83293657,36.57863706,9.789307407,6.799118962,0.983265349,653.9103078,0,1050,1.0,5.0,0,0.1,2.0,177.8,1,1.0,6.8
38,58.93,27,7.81,1.88,7,1,0,0,0,0,0,0,0.63,9.029628337,4.0,43.16,27.81,29.02,0.0,0.91,731.7803518,0,900,3.0,5.220839802,0,0.1,2.0,127.0,1,0.5,6.8
606,58.693,28,7.61,1.91,8,0,0,0,1,0,1,0,0.085,3.2,4.0,21.7,4.2,50.3,23.8,1.019350133,20.0,1,1000,1.0,5.0,0,0.5,0.3,177.8,1,1.0,7.2
275,0.0,0,0.0,0.0,0,0,0,1,0,0,0,0,0.0,1.83089,0.0,29.41815466,39.45617489,25.96238713,5.163283319,2.8,327.0,0,700,3.0,3.135616437,0,0.5,0.589,177.8,0,0.070685835,7.5
71,58.693,28,7.61,1.91,8,0,0,0,0,1,0,0,2.14,4.054771776,4.0,56.95692026,13.73052246,23.72135655,5.591200733,0.91,113.21,0,1000,2.0,10.0,0,0.5,0.610493815,127.0,1,1.156815063,7.2
162,63.546,29,7.69,1.9,10,0,0,1,0,0,0,0,1.45,4.696209838,2.3,41.67273316,16.90932622,18.65647497,22.76146566,1.03,168.0,1,900,2.0,5.0,0,0.1,0.5,177.8,1,0.5,6.8
598,58.693,28,7.61,1.91,8,0,0,0,0,1,0,0,3.531120796,5.609565315,4.0,46.95443,41.72056,11.32501,0.0,1.372962626,826.700258,1,700,0.5,2.0,0,0.5,0.757590188,127.0,1,1.077087369,7.2
157,58.693,28,7.61,1.91,8,0,1,1,0,0,0,0,1.39,6.119044162,4.0,23.29980225,57.26936635,0.0,19.4308314,1.47,308.0,1,900,3.0,5.204262164,0,0.5,1.0,177.8,1,1.0,7.2
178,58.693,28,7.61,1.91,8,0,0,0,0,1,0,0,7.53,8.808216874,4.0,55.3,19.3,21.35,4.05,1.015205425,496.3234922,0,650,3.0,5.0,0,0.5,0.5,177.8,1,1.0,7.3
181,58.693,28,7.61,1.91,8,0,0,0,0,1,0,0,22.7,18.7,11.0,35.30510585,0.0,64.69489415,0.0,1.111397685,436.7824417,0,400,1.0,5.0,0,0.5,1.0,177.8,1,1.0,7.2
43,63.546,29,7.69,1.9,10,0,0,0,0,0,0,1,4.17,5.1,12.0,39.65,46.81,0.0,13.53,0.98,40.1,1,900,1.0,5.0,0,0.1,0.8,50.0,1,1.0,6.8
151,58.693,28,7.61,1.91,8,1,0,0,0,0,0,0,5.7,16.4,4.0,74.97385849,25.02614151,0.0,0.0,1.000278352,150.1,1,550,2.0,5.0,0,0.5,1.0,127.0,1,1.0,7.2
5,63.546,29,7.69,1.9,10,1,0,0,0,0,0,0,1.43,4.82,4.0,49.51,17.07,24.56,8.84,0.94,459.0,0,800,2.0,5.333,0,0.5,0.3,127.0,1,1.0,7.2
166,58.693,28,7.61,1.91,8,0,1,0,0,0,0,0,2.39,2.82,12.0,21.91,21.69,56.4,0.0,1.18,437.0,1,700,1.0,1.0,0,0.5,1.3,127.0,1,2.0,7.2
484,0.0,0,0.0,0.0,0,1,0,0,0,0,0,0,0.0,11.2415071,0.0,54.4189648,21.24721642,18.77473834,5.55908045,1.0,1347.0,1,900,4.0,2.0,0,0.1,4.0,177.8,1,12.5,6.8
270,58.693,28,7.61,1.91,8,1,0,0,0,0,0,0,0.872,5.3,4.0,53.43117011,32.99115044,10.39429695,3.183382498,0.94,178.4,1,600,2.0,5.0,0,0.5,0.6,177.8,1,1.0,7.2
208,55.845,26,7.83,1.83,6,0,0,0,1,0,0,0,0.730148612,3.641154155,8.0,35.0,6.0,53.0,6.0,1.142748564,721.3,1,950,0.333,10.0,0,0.1,1.0,127.0,0,1.0,6.8
600,58.693,28,7.61,1.91,8,0,0,0,0,1,0,0,5.298932328,3.587818764,4.0,45.18673,41.38251,13.43076,0.0,1.413324214,981.8255821,1,800,0.5,2.0,0,0.5,0.882551619,127.0,1,0.966023496,7.2
370,0.0,0,0.0,0.0,0,0,0,0,0,1,0,0,0.0,0.98,0.0,79.6,20.4,0.0,0.0,0.744,543.6023474,0,300,3.0,5.0,0,0.5,0.3537,177.8,0,5.0,7.3
363,55.845,26,7.83,1.83,6,0,0,0,1,0,0,0,1.82,4.606459434,5.0,28.0,11.0,50.0,11.0,1.22,1353.0,1,900,3.0,4.729955544,0,0.1,1.0,127.0,1,1.0,6.8
458,0.0,0,0.0,0.0,0,0,0,0,0,1,0,0,0.0,2.4,0.0,14.51544803,53.2304148,32.25413717,0.0,0.65,758.2584324,0,850,1.653916755,7.731552465,0,0.1,0.5,50.0,1,3.8,6.8
258,58.693,28,7.61,1.91,8,0,0,0,1,0,0,0,0.468573275,1.357246728,2.2,33.21637427,29.77777778,25.92982456,11.07602339,1.018978788,157.0,1,1100,3.0,4.209915213,0,0.1,0.701036469,177.8,1,0.956840226,6.8
657,0.0,0,0.0,0.0,0,0,0,0,1,0,0,0,0.0,2.74,0.0,25.19962667,13.87534999,47.81706938,13.10795396,1.02,1044.0,0,1000,4.0,3.975335503,0,0.5,1.0,177.8,1,1.0,7.3
380,58.693,28,7.61,1.91,8,0,0,0,1,0,0,0,1.0,1.35,4.0,49.05959665,20.31497847,21.07409925,9.551325629,0.994205988,552.5830878,0,950,2.0,5.0,0,0.1,1.0,177.8,1,1.0,6.8
510,0.0,0,0.0,0.0,0,0,1,0,0,0,0,0,0.0,5.163621961,0.0,33.23,32.31,22.15,12.31,1.03,1000.0,1,910,3.0,2.0,0,0.5,1.0,177.8,1,1.0,7.3
54,58.693,28,7.61,1.91,8,0,1,0,0,0,0,0,0.24,3.686837297,4.0,19.87,17.74,45.67,16.72,1.081130909,680.0,1,1000,1.0,4.879027022,0,0.5,0.5,177.8,0,2.0,7.2
236,0.0,0,0.0,0.0,0,0,1,0,0,0,0,0,0.0,4.998423688,0.0,25.17482517,48.85114885,10.98901099,14.98501499,1.110756859,688.0,1,975,0.75,5.021653435,0,0.1,0.4,177.8,0,0.730582978,7.5
280,65.38,30,9.35,1.65,10,1,0,0,0,0,0,0,7.54,10.28,4.0,69.35797665,15.6614786,9.824902724,5.155642023,0.89,368.3,1,900,4.0,3.0,0,1.0,2.0,127.0,1,1.685367555,8.8
171,58.693,28,7.61,1.91,8,0,0,1,0,0,0,0,5.0164692,3.699912124,4.0,41.26935925,23.53477073,22.77558457,12.42028545,1.052093871,250.0,1,900,2.0,3.0,0,0.5,0.1,177.8,0,1.0,7.3
401,0.0,0,0.0,0.0,0,0,0,0,0,0,0,1,0.0,5.59,0.0,10.19677996,12.34347048,40.25044723,37.20930233,1.128787673,101.4,0,600,2.535570816,3.956308143,0,0.5,0.2,177.8,1,4.0,7.3
297,118.71,50,7.37,1.96,10,0,0,0,1,0,0,0,16.24969381,2.370282849,4.0,24.8,0.0,75.2,0.0,1.3,763.4571952,0,1000,2.0,3.0,0,0.1,0.325,177.8,1,1.0,6.8
476,0.0,0,0.0,0.0,0,0,0,1,0,0,0,1,0.0,20.02,0.0,55.0,0.0,39.0,6.0,1.28,90.0,0,800,1.0,2.09677988,0,0.1,0.8,127.0,1,1.0,6.8
75,55.845,26,7.83,1.83,6,0,0,1,0,0,0,0,1.782184718,5.814259386,3.0,38.95363026,25.22727273,24.26479561,11.5543014,0.943377209,435.9137655,0,800,1.0,20.0,0,0.5,0.2,177.8,1,0.25,7.2
409,0.0,0,0.0,0.0,0,0,0,0,0,0,0,1,0.0,5.85,0.0,10.08547009,12.64957265,50.5982906,26.66666667,1.002761915,235.8,1,600,1.865824897,5.528275374,0,0.5,0.2,177.8,1,4.0,7.3
649,58.93,27,7.81,1.88,7,0,0,0,0,0,1,0,0.011,4.709943213,3.6,44.74,34.78,12.01,8.47,1.027155236,24.0,1,500,1.0,5.0,1,0.5,0.7,177.8,0,5.0,3.9
569,0.0,0,0.0,0.0,0,0,0,0,0,0,0,1,0.0,2.724888838,0.0,34.72803347,44.76987448,15.06276151,5.439330544,0.95,1358.5,0,400,3.0,3.0,0,0.1,1.0,177.8,1,1.0,7.0
110,58.693,28,7.61,1.91,8,0,0,0,0,1,0,0,0.087,2.5,4.2,13.56312691,44.24189549,34.06546872,8.129508883,0.96940754,588.393391,0,800,2.0,5.681356177,0,0.1,1.0,177.8,1,1.0,6.8
373,0.0,0,0.0,0.0,0,0,0,0,0,0,0,1,0.0,14.1,0.0,72.0,0.0,23.0,5.0,1.103740847,197.0,0,950,1.0,3.0,0,0.1,0.5,127.0,1,1.0,6.8
491,55.845,26,7.83,1.83,6,0,0,0,0,0,0,1,1.215180107,11.54421102,4.0,25.80645161,24.78005865,49.41348974,0.0,1.04,493.8541556,0,900,2.0,5.0,0,0.1,0.4,177.8,0,0.785,6.8
176,58.693,28,7.61,1.91,8,0,0,0,0,1,0,0,10.48,9.547383551,4.0,57.4,23.3,15.9,3.4,0.981498858,422.7526004,0,650,3.0,5.0,0,0.5,0.5,177.8,1,1.0,7.3
451,0.0,0,0.0,0.0,0,0,0,1,0,0,0,0,0.0,3.247183565,0.0,21.95121951,8.710801394,61.32404181,8.013937282,1.05,75.6,1,1000,3.0,5.0,0,0.5,0.35,177.8,1,1.0,7.3
533,0.0,0,0.0,0.0,0,0,0,1,0,0,0,0,0.0,5.06,0.0,25.81568403,57.81339439,0.0,16.37092158,0.97,1081.1,0,1000,1.0,6.357546385,0,0.1,0.833,177.8,1,0.3,6.8
177,58.693,28,7.61,1.91,8,0,0,0,0,1,0,0,4.02,11.37358606,4.0,64.1,20.2,13.4,2.3,0.9618886,228.8565938,1,650,3.0,5.0,0,0.5,0.5,177.8,1,1.0,7.3
268,65.38,30,9.35,1.65,10,1,0,0,0,0,0,0,0.1,5.56,4.0,47.0357717,22.82958199,14.539791,15.59485531,1.073079504,637.2,0,950,2.0,5.0,0,0.1,0.6,177.8,0,1.0,6.8
603,58.693,28,7.61,1.91,8,0,0,1,0,0,0,0,0.121,3.03,4.2,57.42574257,27.06270627,15.51155116,0.0,1.04,1585.0,0,1000,1.0,5.0,0,0.1,1.0,25.0,1,1.142379513,8.0
559,55.845,26,7.83,1.83,6,0,1,0,0,0,0,0,1.75,7.556611419,4.0,45.39,11.35,40.43,2.84,1.055266294,367.0,1,900,1.0,6.246802621,0,0.5,1.0,127.0,0,0.785,7.2
627,58.93,27,7.81,1.88,7,0,1,0,0,0,0,0,1.6,3.012057865,4.0,32.8358209,8.208955224,49.25373134,9.701492537,1.0,1036.0,1,1000,3.0,3.0,0,0.1,0.2,177.8,1,1.0,6.8
629,58.693,28,7.61,1.91,8,0,0,0,0,0,0,1,1.84,5.863920513,4.0,32.10984231,48.54540511,19.34475258,0.0,1.005945963,819.0,0,800,1.0,10.0,0,0.5,1.0,177.8,1,1.0,7.2
206,55.845,26,7.83,1.83,6,0,0,0,1,0,0,0,1.458713195,2.291780881,8.0,29.5,5.5,59.0,6.0,1.099537009,480.5,1,950,0.667,10.0,0,0.1,1.0,127.0,0,1.0,6.8
442,58.693,28,7.61,1.91,8,0,1,0,0,0,0,0,2.502516899,5.268708951,4.0,27.47252747,33.66633367,7.292707293,31.56843157,0.88,665.1,1,900,2.0,5.0,0,0.1,0.5,177.8,1,1.0,6.8
412,55.845,26,7.83,1.83,6,1,0,0,0,0,0,0,1.39,3.98,4.0,53.26633166,22.36180905,16.33165829,8.040201005,1.0,1181.0,1,900,2.0,3.0,0,1.0,2.0,127.0,1,2.0,8.8
172,58.693,28,7.61,1.91,8,0,0,1,0,0,0,0,3.769866261,9.215065035,4.0,48.32413249,28.3714511,11.04100946,12.26340694,1.07430794,304.0,1,900,2.0,3.0,0,0.5,0.1,177.8,0,1.0,7.3
618,55.845,26,7.83,1.83,6,1,0,0,0,0,0,0,0.2,2.5,4.0,45.13388569,21.55679635,25.67543228,7.633885687,1.02,1156.6,1,1000,3.0,4.396268341,0,0.5,1.0,177.8,1,1.0,7.2
53,58.93,27,7.81,1.88,7,0,1,0,0,0,0,0,0.35,3.773592546,4.0,20.39,19.1,39.61,20.9,1.062521486,559.0,1,1000,1.0,5.080985566,0,0.5,0.5,177.8,0,2.0,7.2
278,63.546,29,7.69,1.9,10,0,0,1,0,0,0,0,1.3,5.650482986,3.6,37.01709202,24.52977445,38.45313354,0.0,1.123898584,646.0,1,900,1.0,5.0,0,0.1,0.5,177.8,0,1.5,6.8
126,0.0,0,0.0,0.0,0,0,0,0,0,0,1,0,0.0,1.21,0.0,52.86584218,29.95841682,17.45596315,-0.444326769,1.262032628,592.9350006,0,800,1.0,10.08905501,0,0.5,0.2,177.8,0,2.0,7.2
520,0.0,0,0.0,0.0,0,0,0,0,1,0,1,0,0.0,2.925569382,0.0,22.86123,21.34389,55.79488,0.0,0.972891413,650.8618446,0,800,2.0,5.0,0,0.5,0.392588488,177.8,1,1.5,6.8
76,58.93,27,7.81,1.88,7,0,0,1,0,0,0,0,1.883446736,6.604098759,3.0,45.24570238,25.79440875,23.69855878,5.261330092,0.914402573,415.5792834,0,800,1.0,20.0,0,0.5,0.2,177.8,1,0.25,7.2
290,55.845,26,7.83,1.83,6,0,0,0,0,0,1,0,0.927554774,4.365904366,3.8,46.5,42.1,8.6,2.8,0.943834423,102.20606,1,900,1.0,30.0,0,0.1,0.75,50.0,0,1.0,6.8
274,0.0,0,0.0,0.0,0,0,0,1,0,0,0,0,0.0,2.26784,0.0,31.19572751,53.79754576,14.45635778,0.550368951,2.9,312.0,0,500,3.0,2.25147049,0,0.5,0.589,177.8,0,0.070685835,7.5
330,63.546,29,7.69,1.9,10,1,0,0,0,0,0,0,1.98,4.813460132,4.0,37.42,16.83,31.77,13.98,1.1,1347.1,0,1100,3.0,5.0,0,0.1,1.5,127.0,1,1.25,6.8
336,58.693,28,7.61,1.91,8,1,0,0,0,0,0,0,11.19895523,9.623378082,4.0,51.21343545,0.0,35.90477069,12.88179385,1.040652481,592.6475487,1,600,2.0,5.0,0,0.5,1.0,127.0,1,1.0,7.2
210,0.0,0,0.0,0.0,0,0,0,0,0,0,0,1,0.0,3.419587854,0.0,13.21755909,0.0,74.03119473,12.75124618,1.308655844,622.2848454,0,1000,1.0,4.42703435,0,0.5,0.635646917,177.8,0,0.19625,7.2
420,0.0,0,0.0,0.0,0,1,0,0,0,0,0,0,0.0,2.1,0.0,22.01834862,5.504587156,5.963302752,66.51376147,0.982,945.0,0,1000,2.0,5.0,0,0.1,0.5,177.8,0,1.0,6.8
571,55.845,26,7.83,1.83,6,0,0,0,0,0,0,1,1.8,4.124881447,4.1,59.8944591,30.34300792,8.443271768,1.319261214,0.95,1358.5,0,200,2.0,3.0,0,0.1,1.0,177.8,1,1.0,7.0
611,58.93,27,7.81,1.88,7,0,0,0,0,0,0,1,3.69,12.47168957,3.8,40.82882883,33.94594595,17.98198198,7.243243243,1.048932249,665.9105978,0,700,2.0,5.0,0,0.5,1.0,177.8,1,1.0,7.3
353,0.0,0,0.0,0.0,0,0,1,0,0,0,0,0,0.0,2.18,0.0,24.2,54.4,17.6,3.8,1.1,556.0,1,900,2.0,5.0,0,0.1,0.48,177.8,1,1.0,6.8
98,55.845,26,7.83,1.83,6,1,0,0,0,0,0,0,1.366013249,3.644523348,3.9,42.82608696,14.64080544,56.17585485,0.0,0.95,513.05528,0,1100,1.0,10.0,0,0.1,0.4,127.0,1,0.25,6.8
333,58.693,28,7.61,1.91,8,1,0,0,0,0,0,0,13.18585375,10.65163902,4.0,58.69083197,0.0,26.86782994,14.44133809,1.020776112,601.1285316,1,450,2.0,5.0,0,0.5,1.0,127.0,1,1.0,7.2
523,0.0,0,0.0,0.0,0,0,0,0,1,0,1,0,0.0,2.57687548,0.0,10.31427,37.26587,52.41986,0.0,0.940804046,631.4001476,0,1100,2.0,5.0,0,0.5,0.372746153,177.8,1,1.5,6.8
602,58.93,27,7.81,1.88,7,0,0,1,0,0,0,0,0.251,2.29,4.0,54.14847162,27.94759825,17.90393013,0.0,1.0,1575.0,0,1000,1.0,5.0,0,0.1,1.0,25.0,1,1.165743827,8.0
256,58.693,28,7.61,1.91,8,0,0,0,1,0,0,0,1.392,2.8,2.2,16.37870651,26.02148027,36.72659351,20.87321971,1.045503428,242.0,1,900,3.0,4.241535237,0,0.1,0.676186133,177.8,1,1.274780716,6.8
573,55.845,26,7.83,1.83,6,0,0,0,0,0,0,1,1.8,4.191095283,5.1,61.03896104,29.09090909,8.051948052,1.818181818,0.95,1358.5,0,400,2.0,3.0,0,0.1,1.0,177.8,1,1.0,7.0
439,0.0,0,0.0,0.0,0,0,1,0,0,0,0,0,0.0,4.243117392,0.0,33.56643357,57.64235764,7.292707293,1.498501499,0.88,1004.7,1,900,2.0,5.0,0,0.1,0.5,177.8,1,1.0,6.8
137,58.693,28,7.61,1.91,8,0,0,1,0,0,0,1,3.28,7.673110024,4.0,54.35094773,31.66283745,13.98621482,0.0,0.98,261.0,0,900,1.0,3.0,0,1.0,0.1,177.8,1,0.5,8.8
431,0.0,0,0.0,0.0,0,1,0,0,0,0,0,0,0.0,4.096,0.0,38.55167715,15.84777063,29.91324816,15.68730406,0.907,650.0,0,1000,3.0,5.305778778,0,0.5,1.0,177.8,1,1.0,7.3
375,0.0,0,0.0,0.0,0,0,0,0,0,0,0,1,0.0,4.07,0.0,13.3,71.2,13.5,2.1,1.06,877.44,1,1000,6.0,5.0,0,0.1,0.516141278,127.0,1,1.334889925,6.8
234,63.546,29,7.69,1.9,10,0,1,0,0,0,0,0,0.27,5.705748408,4.0,35.23523524,34.63463463,14.11411411,16.01601602,1.0232491,712.0,1,975,0.75,5.382588801,0,0.1,0.4,177.8,0,1.049007521,7.5
145,58.693,28,7.61,1.91,8,1,0,0,0,0,0,0,8.2,38.23361945,2.1,74.86590282,25.13409718,0.0,0.0,1.08,91.4,0,550,2.0,5.0,0,0.5,1.0,127.0,1,1.0,7.2
344,58.693,28,7.61,1.91,8,0,1,0,1,0,0,0,1.05,1.42,3.6,58.2677,16.21837,17.48282,6.3436,1.041,1421.2,1,1000,1.0,2.0,1,0.5,0.6,177.8,1,1.5,7.4
582,58.693,28,7.61,1.91,8,0,0,0,0,0,0,1,5.0,8.4,4.0,49.0,19.0,23.0,9.0,1.12,724.774937,0,900,2.174619654,4.943338371,0,0.5,1.0,127.0,1,1.0,7.2
114,58.693,28,7.61,1.91,8,0,0,0,0,0,0,1,0.41,6.19,4.0,42.85714286,22.36842105,34.77443609,0.0,1.1,691.4184748,1,900,2.0,5.294910496,0,0.5,1.0,177.8,1,1.0,7.2
125,58.693,28,7.61,1.91,8,0,0,0,0,0,1,0,0.42,0.0,4.0,0.0,0.0,0.0,0.0,1.166624597,503.7426817,0,800,1.0,8.980060736,0,0.5,0.2,177.8,0,2.0,7.2
593,55.845,26,7.83,1.83,6,0,0,0,0,1,0,0,7.207207207,15.05791506,4.0,36.22,56.65,7.14,0.0,1.04,612.94,1,800,2.0,5.950476851,0,0.5,1.0,177.8,0,0.2,7.2
382,0.0,0,0.0,0.0,0,0,0,0,0,1,0,0,0.0,9.52,0.0,25.1,47.5,11.4,16.0,0.47,246.0,0,800,1.0,9.689099831,0,0.1,2.0,177.8,1,2.0,6.8
525,0.0,0,0.0,0.0,0,0,1,0,0,0,0,0,0.0,2.36,0.0,16.1,5.1,43.2,36.6,1.0,1043.3,1,1000,2.0,5.0,0,0.1,1.2,177.8,1,4.0,6.8
263,58.693,28,7.61,1.91,8,0,1,0,0,0,0,0,1.65,4.682281347,4.0,35.53190938,8.768789286,48.11496023,9.197716492,1.009520503,334.9,1,900,3.0,5.0,0,0.5,0.25,127.0,1,1.0,7.2
546,55.845,26,7.83,1.83,6,0,0,1,0,0,0,0,1.64,8.390841711,4.0,45.97,26.01,28.02,0.0,0.912,472.7010242,1,600,2.0,5.0,0,0.5,1.0,177.8,1,1.0,7.2
534,58.693,28,7.61,1.91,8,0,0,1,0,0,0,0,0.5,2.82,3.4,25.18703242,54.76309227,0.0,20.04987531,0.97,1309.3,0,1000,1.0,7.142728997,0,0.1,0.833,177.8,1,0.3,6.8
121,58.693,28,7.61,1.91,8,1,0,0,0,0,0,0,1.01,6.655838658,4.0,51.015,41.586,7.4,0.0,0.98,628.3198752,0,1000,1.0,7.008051371,0,0.5,0.5,177.8,0,0.815083367,7.2
62,55.845,26,7.83,1.83,6,0,0,1,0,0,0,0,2.157810922,4.935546221,4.0,37.2,21.4,32.2,9.1,0.99,570.0001165,0,800,2.0,2.0,0,0.5,2.5,177.8,1,1.0,7.65
359,58.693,28,7.61,1.91,8,0,0,0,0,1,0,0,1.58,3.708867819,4.0,30.97460792,10.660941,47.06870799,11.29574309,2.94,1171.0,1,900,2.0,5.0,0,0.5,0.4,177.8,1,1.0,7.3
625,58.93,27,7.81,1.88,7,0,1,0,0,0,0,0,1.6,7.785499333,4.0,51.32496513,15.34170153,26.08089261,7.252440725,1.06,626.0,1,800,3.0,3.0,0,0.1,0.2,177.8,1,1.0,6.8
514,58.693,28,7.61,1.91,8,0,0,0,0,0,1,0,1.0,0.25,4.0,35.93206,10.67799,28.32936,25.06059,1.754061917,947.8462306,0,850,2.0,7.011123953,0,0.1,1.414,177.8,0,0.70685,6.8
158,58.693,28,7.61,1.91,8,0,1,1,0,0,0,0,1.39,5.395730396,4.0,23.29980225,57.26936635,0.0,19.4308314,1.47,308.0,1,900,3.0,4.298341887,1,0.5,0.5,177.8,1,4.0,7.2
521,0.0,0,0.0,0.0,0,0,0,0,1,0,1,0,0.0,2.777734888,0.0,28.64251,29.0627,42.29479,0.0,1.010342001,669.1585008,0,900,2.0,5.0,0,0.5,0.48541599,177.8,1,1.5,6.8
149,58.693,28,7.61,1.91,8,1,0,0,0,0,0,0,2.0,38.23361945,4.0,74.86590282,25.13409718,0.0,0.0,1.082188718,91.4,1,550,2.0,5.0,0,0.5,1.0,127.0,1,1.0,7.2
312,55.845,26,7.83,1.83,6,0,0,0,0,1,0,0,6.98,0.83,3.36,70.0,20.0,7.0,3.0,1.052777327,104.0,0,900,1.0,6.234264733,0,0.1,0.8,127.0,1,0.909757298,6.8
100,58.693,28,7.61,1.91,8,1,0,0,0,0,0,0,1.89,7.034796702,3.7,45.01686879,39.81034011,15.1727911,0.0,1.04919271,113.0,0,1000,2.0,5.0,0,0.5,0.8,177.8,1,1.0,7.2
153,58.693,28,7.61,1.91,8,1,0,0,0,0,0,0,2.2,5.640727266,4.0,46.13248967,0.0,42.28434917,11.58316116,1.287948798,1135.309748,0,1000,3.0,5.0,1,1.0,1.0,177.8,1,2.25,8.8
246,58.693,28,7.61,1.91,8,0,0,0,0,0,1,0,1.99,5.2,3.5,58.22647272,28.95245106,12.82107622,0.0,1.707643396,1564.0,1,650,2.0,10.0,1,0.5,2.0,177.8,1,1.0,7.2
568,55.845,26,7.83,1.83,6,0,1,0,0,0,0,0,3.2,3.2,4.0,43.6,6.4,41.8,8.2,1.127423904,594.8489072,1,900,2.0,5.0,0,0.5,1.0,127.0,0,1.0,7.2
211,58.693,28,7.61,1.91,8,0,0,0,0,0,0,1,1.41,4.683251484,4.0,20.00724026,0.0,57.8858453,22.10691444,1.139204125,481.6750753,0,1000,1.0,3.786435761,0,0.5,0.295199083,177.8,0,0.19625,7.2
261,55.845,26,7.83,1.83,6,1,0,0,0,0,0,0,2.6,2.67,4.0,39.49896804,0.0,39.94021778,20.56081418,1.305348993,1168.43,0,1000,3.0,5.0,0,0.5,0.4,177.8,1,1.0,7.2
122,55.845,26,7.83,1.83,6,1,0,0,0,0,0,0,0.38,5.413578309,4.0,56.7,31.2,8.13,3.9,0.94,550.1995086,0,1000,1.0,9.316550049,0,0.5,0.5,177.8,0,1.028830889,7.2
324,0.0,0,0.0,0.0,0,1,0,0,0,0,0,0,0.0,9.639920019,0.0,48.75559124,0.0,51.24440876,0.0,1.14,465.0,1,900,1.0,5.0,0,0.1,0.8,177.8,1,1.5,6.8
548,55.845,26,7.83,1.83,6,0,0,1,0,0,0,0,1.64,4.404474377,4.0,26.98,18.46,54.56,0.0,1.034,808.3604164,1,1000,2.0,5.0,0,0.5,1.0,177.8,1,1.0,7.2
386,0.0,0,0.0,0.0,0,0,0,0,0,1,0,0,0.0,9.61,0.0,27.5,45.4,11.8,15.3,0.58,255.0,0,800,1.0,9.517779536,0,0.1,2.0,177.8,1,2.0,6.8
637,58.693,28,7.61,1.91,8,0,0,0,0,0,0,1,4.05,9.6,4.0,63.87902162,15.5384147,7.134882777,13.44768091,1.032877833,648.0,1,800,1.0,3.0,1,1.0,0.25,177.8,1,1.0195307,13.8
379,58.693,28,7.61,1.91,8,0,0,0,1,0,0,0,1.0,3.87,4.0,31.5281963,27.20619888,29.94403788,11.32156694,0.972243799,492.7202714,0,950,2.0,5.0,0,0.1,1.0,177.8,1,1.0,6.8
209,55.845,26,7.83,1.83,6,0,0,0,1,0,0,0,1.54072305,3.683715873,8.0,35.0,6.0,53.0,6.0,1.15,692.6,1,950,0.333,10.0,0,0.5,1.0,127.0,0,1.0,7.2
287,55.845,26,7.83,1.83,6,1,0,0,0,0,0,0,0.64,10.15,4.0,61.49936468,19.69504447,14.73951715,4.066073698,0.94,705.0,1,900,4.0,3.0,0,1.0,2.0,127.0,1,2.534032284,8.8
311,58.693,28,7.61,1.91,8,1,0,0,0,0,0,0,5.32,7.8558956,3.83,54.4,16.7,19.4,9.5,1.020621516,932.8082073,0,1000,3.0,5.0,1,0.5,3.0,177.8,1,1.0,13.6
587,0.0,0,0.0,0.0,0,1,0,0,0,0,0,0,0.0,1.63,0.0,18.35533,24.15624,40.82039,16.66804,1.143549843,652.8723751,0,1100,5.0,4.628676615,0,0.5,0.6,177.8,1,1.0,7.65
203,55.845,26,7.83,1.83,6,0,0,0,1,0,0,0,2.59081336,3.712426963,4.0,24.0,14.0,47.0,15.0,0.99,103.4,1,950,0.0,10.0,0,0.1,1.0,127.0,0,1.0,6.8
368,0.0,0,0.0,0.0,0,0,0,0,0,1,0,0,0.0,2.54,0.0,62.3,21.6,16.1,0.0,0.744,535.3213225,0,700,3.0,5.0,0,0.5,0.3537,177.8,0,5.0,7.3
116,44.956,21,6.57,1.36,1,1,0,0,0,0,0,0,1.24,5.142289869,3.0,48.5,0.0,51.5,0.0,1.051558857,925.89,0,1000,2.0,10.0,0,0.5,0.8,127.0,1,1.0,7.2
213,58.693,28,7.61,1.91,8,0,0,0,0,1,0,0,6.63,5.727205076,4.0,48.90811356,16.67226608,15.70636654,18.71325382,1.047518765,689.0,0,1000,2.0,5.0,0,0.5,0.8,177.8,1,0.5,7.2
527,0.0,0,0.0,0.0,0,0,1,0,0,0,0,0,0.0,1.11,0.0,19.8,1.8,40.5,37.9,1.0,925.1,1,1000,2.0,5.0,0,0.1,1.2,177.8,1,4.0,6.8
406,0.0,0,0.0,0.0,0,0,0,0,0,0,0,1,0.0,4.68,0.0,17.46724891,14.41048035,50.43668122,17.68558952,1.063640768,235.8,0,700,2.62593957,3.692051069,0,0.5,0.2,177.8,1,4.0,7.3
540,0.0,0,0.0,0.0,0,0,0,1,0,0,0,0,0.0,17.8,0.0,52.00232,22.44999,23.91557,1.63212,1.154804692,406.0,0,900,2.0,2.0,0,0.1,1.0,177.8,1,1.0,6.8
447,0.0,0,0.0,0.0,0,0,0,0,1,0,0,0,0.0,4.52,0.0,36.28318584,11.28318584,52.43362832,0.0,0.959,1511.0,1,900,2.0,5.0,0,0.1,0.5,177.8,1,1.0,6.8
78,55.845,26,7.83,1.83,6,0,0,0,1,0,0,0,1.73,8.2,4.0,34.6,44.6,11.7,6.0,1.75,724.0,0,900,2.0,2.0,0,0.1,0.76,177.8,0,1.130203427,6.8
165,58.693,28,7.61,1.91,8,0,1,0,0,0,0,0,2.53,2.75,4.0,21.19,28.43,50.38,0.0,1.18,480.0,1,700,1.0,1.0,0,0.5,1.3,127.0,1,2.0,7.2
617,55.845,26,7.83,1.83,6,1,0,0,0,0,0,0,0.2,2.5,4.0,45.13388569,21.55679635,25.67543228,7.633885687,1.02,1156.6,1,1000,3.0,4.377526917,0,0.1,1.0,177.8,1,1.0,6.8
595,63.546,29,7.69,1.9,10,0,0,1,0,0,0,0,4.7,6.24011097,4.0,44.78981241,39.10036971,16.10981788,0.0,1.267342709,530.2670537,1,900,1.0,3.0,0,0.1,0.346793441,177.8,0,1.0,6.8
180,58.693,28,7.61,1.91,8,0,0,0,0,1,0,0,22.7,18.7,3.8,76.27180233,0.0,23.72819767,0.0,1.055160095,377.4954524,0,800,1.0,5.0,0,0.5,1.0,177.8,1,1.0,7.2
41,58.93,27,7.81,1.88,7,1,0,0,0,0,0,0,0.25,9.628785995,11.2,52.19873382,22.10431988,20.68468222,4.942910541,1.318145876,925.6946335,1,900,3.0,5.0,0,0.5,0.8,127.0,1,0.5,6.8
509,63.546,29,7.69,1.9,10,0,0,0,1,0,1,0,1.055565635,1.974237601,4.0,55.0,19.0,23.0,3.0,2.92,1213.553672,1,800,3.0,5.0,0,0.5,1.771739035,177.8,0,0.503,7.2
410,55.845,26,7.83,1.83,6,1,0,0,0,0,0,0,0.64,7.03,4.0,61.3086771,20.76813656,13.22901849,4.694167852,0.97,746.0,1,900,2.0,3.0,0,1.0,2.0,127.0,1,2.0,8.8
609,55.845,26,7.83,1.83,6,0,0,0,0,0,0,1,5.49,19.35840708,4.1,50.44396448,34.38924886,15.16678666,0.0,1.032048126,472.9299384,0,700,2.0,5.0,0,0.5,1.0,177.8,1,1.0,7.3
271,58.693,28,7.61,1.91,8,1,0,0,0,0,0,0,0.917,3.59,3.0,50.43117011,29.99115044,16.39429695,3.183382498,0.93,322.1,1,800,2.0,5.0,0,0.5,0.6,177.8,1,1.0,7.2
328,63.546,29,7.69,1.9,10,1,0,0,0,0,0,0,2.26,13.48351981,3.3,62.29,15.31,12.46,9.94,1.31,1031.3,0,900,3.0,5.0,0,0.1,1.5,127.0,1,1.25,6.8
150,58.693,28,7.61,1.91,8,1,0,0,0,0,0,0,5.2,19.92,4.0,68.16499207,31.83500793,0.0,0.0,0.972337263,144.8,1,550,2.0,5.0,0,0.5,1.0,127.0,1,1.0,7.2
338,58.693,28,7.61,1.91,8,1,0,0,0,0,0,0,1.06,5.485940183,4.0,52.66798734,18.48486094,22.24011476,6.607036964,1.03,900.0,0,800,1.0,5.0,0,0.5,0.6,177.8,1,1.0,7.2
12,58.93,27,7.81,1.88,7,0,1,0,0,0,0,0,4.54,8.265691229,5.0,41.13242312,19.65648581,31.22343585,7.894962306,1.148786719,583.2846909,0,800,2.0,2.0,0,0.2,0.3,177.8,1,0.729920462,7.0
557,55.845,26,7.83,1.83,6,0,1,0,0,0,0,0,1.33,7.46479067,4.0,44.97,10.46,43.13,1.44,1.076426567,364.5,1,900,1.0,5.852921608,0,0.5,1.0,127.0,0,0.785,7.2
453,0.0,0,0.0,0.0,0,0,0,1,0,0,0,0,0.0,5.0,0.0,20.87067862,4.494238156,64.50704225,10.12804097,1.003142154,1510.0,1,900,2.0,5.0,0,0.1,0.900386034,177.8,1,2.0,6.8
303,63.546,29,7.69,1.9,10,1,0,0,0,0,0,0,0.820591724,3.926659615,3.9,47.15284715,25.57442557,13.28671329,13.98601399,1.00587278,321.0,0,1050,1.0,6.077007809,0,0.1,0.8,177.8,0,0.196,6.7
383,0.0,0,0.0,0.0,0,0,0,0,0,1,0,0,0.0,9.28,0.0,26.5,47.2,11.2,15.1,0.5,248.0,0,800,1.0,10.31676119,0,0.1,2.0,177.8,1,2.0,6.8
526,0.0,0,0.0,0.0,0,0,1,0,0,0,0,0,0.0,2.85,0.0,5.6,10.6,71.9,11.9,0.98,828.1,1,1000,2.0,5.0,0,0.1,1.2,177.8,1,4.0,6.8
640,58.693,28,7.61,1.91,8,0,0,0,0,0,0,1,2.63,4.67,4.0,48.72,34.7,10.26,6.32,1.063060347,103.0,1,900,2.0,5.0,0,0.5,0.701392981,177.8,1,1.0,7.2
455,0.0,0,0.0,0.0,0,0,0,0,0,1,0,0,0.0,4.9,0.0,22.51481752,6.498751939,70.98643055,0.0,0.78,749.30033,0,850,1.550922805,7.111327689,0,0.1,0.5,50.0,1,3.8,6.8
626,58.93,27,7.81,1.88,7,0,1,0,0,0,0,0,1.6,5.051205294,4.0,42.3580786,10.91703057,39.30131004,7.423580786,1.02,779.0,1,900,3.0,3.0,0,0.1,0.2,177.8,1,1.0,6.8
193,55.845,26,7.83,1.83,6,0,0,0,0,0,1,0,1.05,6.525016676,4.0,37.97622264,37.66549581,7.768170765,16.59011078,1.009072311,634.0,1,900,1.0,30.0,0,0.1,0.75,177.8,0,1.0,6.8
652,58.693,28,7.61,1.91,8,0,1,0,1,0,0,0,0.44,4.42,4.0,50.0,21.0,22.0,7.0,0.91,274.0,1,800,2.0,2.0,0,0.5,1.0,127.0,1,1.0,7.3
300,55.845,26,7.83,1.83,6,1,0,0,0,0,0,0,0.812143479,7.444648555,5.0,47.2,31.5,10.9,10.4,1.066881382,333.0,0,1050,1.0,7.225346739,0,0.1,0.8,177.8,0,0.196,6.7
426,0.0,0,0.0,0.0,0,1,0,0,0,0,0,0,0.0,19.33701657,0.0,50.0,38.89,8.89,2.22,1.02,392.0,1,700,4.0,2.0,0,0.1,4.0,177.8,1,12.5,7.2
61,55.845,26,7.83,1.83,6,0,0,1,0,0,0,0,3.899049689,9.036229985,4.0,55.4,23.6,15.8,5.2,1.04,425.3816359,0,700,2.0,2.0,0,0.5,2.5,177.8,1,1.0,7.65
309,58.693,28,7.61,1.91,8,1,0,0,0,0,0,0,5.51,7.817211967,3.79,52.2,21.2,22.3,4.5,1.027354606,882.3579746,0,1000,3.0,5.0,0,0.5,3.0,177.8,1,1.0,7.33
435,0.0,0,0.0,0.0,0,0,1,0,0,0,0,0,0.0,9.046276646,0.0,44.1,29.9,17.8,8.3,0.89,899.0,1,900,2.0,5.0,0,0.1,1.0,177.8,0,0.830921033,6.8
470,58.693,28,7.61,1.91,8,0,0,0,0,1,0,0,4.943806424,12.26278941,4.0,47.78,16.73,23.27,12.22,0.94,310.6,1,700,2.0,2.0,0,0.5,0.2,177.8,0,0.19625,7.3
668,58.693,28,7.61,1.91,8,0,1,1,1,0,0,0,0.5,2.82,3.0,18.70089052,53.61445783,14.33996857,13.34468308,1.115415125,458.0,1,1000,2.0,5.0,0,0.5,1.0,177.8,1,1.0,7.2
341,58.693,28,7.61,1.91,8,0,1,0,1,0,0,0,1.09,2.23,3.7,48.04671,26.34905,24.73837,0.0,1.031,1414.1,1,1000,1.0,2.0,0,0.5,0.6,177.8,1,1.0,7.4
48,54.938,25,7.4,1.55,5,0,0,1,0,0,0,0,1.90887931,7.33,4.0,36.59432841,25.78088087,31.0285478,6.956885778,1.133385547,431.0144192,0,750,3.0,4.205587224,0,0.5,0.2,177.8,0,2.0,7.2
462,0.0,0,0.0,0.0,0,0,0,1,0,0,0,0,0.0,5.53019,0.0,45.42484074,33.94476501,9.692433714,9.692433714,1.11,1223.0,0,600,0.5,1.0,0,0.1,0.8,177.8,1,1.0,6.8
535,58.693,28,7.61,1.91,8,0,0,1,0,0,0,0,0.86,5.03,3.4,30.59753546,46.43106254,0.0,22.971402,0.97,1009.2,0,1000,1.0,7.677760104,0,0.1,0.833,177.8,1,0.3,6.8
658,58.693,28,7.61,1.91,8,0,0,0,1,0,0,0,0.46,3.05,4.13,29.47316941,10.28352081,54.66582749,5.383555279,1.03,614.0,0,1000,4.0,3.69362502,0,0.5,0.217391304,177.8,1,1.0,7.3
592,55.845,26,7.83,1.83,6,0,0,0,0,1,0,0,11.9199485,17.02996079,4.0,42.07,50.81,7.12,0.0,1.02,720.81,1,800,2.0,5.97572396,0,0.5,1.0,177.8,0,0.2,7.2
313,55.845,26,7.83,1.83,6,0,0,0,0,1,0,0,2.5,1.63,4.7,67.0,16.0,10.0,7.0,1.002570836,140.0,0,900,1.0,6.890985324,0,0.1,0.8,127.0,1,0.921892389,6.8
563,55.845,26,7.83,1.83,6,0,1,0,0,0,0,0,2.3,2.3,4.0,44.4,4.7,38.8,12.1,1.120989563,601.5032528,1,900,2.0,5.0,0,0.5,1.0,127.0,0,1.0,7.2
265,55.845,26,7.83,1.83,6,1,0,0,0,0,0,0,0.17,10.82,4.0,65.56014428,23.65518323,10.78467249,0.0,0.78,580.5,0,950,2.0,5.108895052,0,0.5,1.0,177.8,1,1.0,7.2
174,58.693,28,7.61,1.91,8,0,0,0,0,1,0,0,13.0,6.469933045,4.0,53.2,15.3,26.8,4.7,1.030600513,429.6370153,0,650,3.0,5.0,0,0.5,0.5,177.8,1,1.0,7.3
513,0.0,0,0.0,0.0,0,0,1,0,0,0,0,0,0.0,5.163621961,0.0,33.23,32.31,22.15,12.31,1.03,1000.0,1,910,3.0,2.0,0,1.0,1.0,177.8,1,1.0,8.8
44,0.0,0,0.0,0.0,0,0,0,0,0,0,0,1,0.0,1.64,0.0,11.27,70.96,0.0,17.77,0.88,1450.3,1,900,1.0,5.0,0,0.1,0.8,50.0,1,1.0,6.8
142,58.693,28,7.61,1.91,8,0,0,1,0,0,0,0,2.2,3.93,4.0,57.3,27.5,12.8,2.5,0.972706772,470.5552963,1,900,0.0125,5.994070154,0,0.1,0.3,177.8,0,2.0,6.8
444,58.693,28,7.61,1.91,8,0,0,0,1,0,0,0,3.01,2.58,4.0,31.78294574,10.07751938,50.7751938,7.364341085,0.992,628.0,1,800,2.5,5.0,0,0.1,1.0,177.8,1,1.0,6.8
186,58.693,28,7.61,1.91,8,1,0,0,0,0,0,0,5.44,10.35,2.4,53.71980676,29.75845411,11.5942029,4.927536232,1.002435099,871.0,0,1000,4.0,3.0,0,1.0,2.0,127.0,1,2.0,8.8
604,58.693,28,7.61,1.91,8,0,0,0,1,0,1,0,0.237,2.4,3.0,25.0,8.75,45.0,21.2,1.052090121,215.0,1,1000,1.0,5.0,0,0.5,0.3,177.8,1,1.0,7.2
284,55.845,26,7.83,1.83,6,1,0,0,0,0,0,0,1.47,10.15,4.0,70.14778325,15.27093596,11.42857143,3.15270936,0.94,705.0,1,900,4.0,3.0,0,0.1,2.0,127.0,1,1.953163891,6.8
230,54.938,25,7.4,1.55,5,0,1,0,0,0,0,0,0.74,5.552526384,4.0,40.8,28.7,15.5,15.0,1.002118741,542.0,1,975,0.75,5.313578716,0,0.1,0.4,177.8,0,1.014003272,7.5
47,58.693,28,7.61,1.91,8,0,0,1,0,0,0,0,2.013,7.33,4.0,54.27159929,19.15167018,19.37785306,5.927435139,1.106360812,579.8235931,0,750,3.0,4.308834122,0,0.5,1.0,177.8,1,2.0,7.2
411,55.845,26,7.83,1.83,6,1,0,0,0,0,0,0,1.02,4.69,4.0,56.50319829,22.17484009,14.92537313,6.396588486,0.99,1162.0,1,900,2.0,3.0,0,1.0,2.0,127.0,1,2.0,8.8
445,58.693,28,7.61,1.91,8,0,0,0,1,0,0,0,2.72,1.71,4.0,24.56140351,11.11111111,50.29239766,14.03508772,0.847,732.0,1,800,2.5,5.0,0,0.1,1.0,177.8,1,1.0,6.8
407,0.0,0,0.0,0.0,0,0,0,0,0,0,0,1,0.0,3.92,0.0,15.08951407,10.4859335,58.56777494,15.85677749,1.074193466,235.8,0,900,2.617813469,3.607369831,0,0.5,0.2,177.8,1,4.0,7.3
584,58.693,28,7.61,1.91,8,0,0,0,0,0,0,1,4.8,7.9,4.0,54.0,20.0,21.0,5.0,1.12,709.5907472,0,900,2.132033779,4.94539236,0,0.5,1.0,127.0,1,1.0,7.2
169,58.693,28,7.61,1.91,8,0,1,0,0,0,0,0,0.37599,6.40078,3.9,45.22917583,26.82011353,11.3035989,16.64711174,0.94,814.3,1,1000,2.0,10.0,0,0.5,0.2,127.0,1,0.25,7.2
378,58.693,28,7.61,1.91,8,0,0,0,1,0,0,0,1.0,5.25,4.0,35.19054311,31.24741671,25.75845251,7.803587666,1.015946332,520.2360027,0,950,2.0,5.0,0,0.1,1.0,177.8,1,1.0,6.8
161,55.845,26,7.83,1.83,6,1,0,0,0,0,0,0,2.6,7.6,4.3,71.42857143,0.0,12.5,16.07142857,1.242865297,894.9727275,1,700,2.0,5.0,0,0.5,0.6,177.8,1,1.0,7.2
24,58.93,27,7.81,1.88,7,0,0,0,0,0,1,0,1.46,1.4,4.0,47.2,35.5,11.5,5.6,1.04,227.0,0,1000,1.0,5.0,0,0.1,0.58,177.8,1,1.0,6.8
612,58.693,28,7.61,1.91,8,0,0,0,0,0,1,0,3.27626261,5.223880597,12.0,46.5,25.6,17.6,10.3,1.03,156.6,0,800,2.0,6.241879871,0,0.5,0.25,177.8,0,1.0,7.4
639,58.693,28,7.61,1.91,8,0,0,0,0,0,0,1,2.62,6.72,4.0,42.68,35.41,14.67,7.24,1.492415018,1535.0,1,900,2.0,5.0,0,0.5,1.06507923,177.8,1,1.0,7.2
597,58.693,28,7.61,1.91,8,0,0,0,0,1,0,0,4.468391032,4.86656449,4.0,45.18061,42.3732,12.44619,0.0,1.372018598,896.4966161,1,700,0.5,2.0,0,0.5,0.746746139,127.0,1,1.060481831,7.2
502,55.845,26,7.83,1.83,6,0,0,0,0,1,0,0,1.663482073,4.540856468,12.0,46.83,9.04,26.98,17.08,1.21,545.5,0,750,2.0,3.0,0,0.5,0.3,177.8,0,0.5,7.3
394,55.845,26,7.83,1.83,6,0,0,0,0,0,0,1,0.15,3.26602758,5.0,10.92436975,17.64705882,65.12605042,6.302521008,1.26,1173.0,1,1000,2.0,5.0,0,0.1,1.0,177.8,1,1.0,6.8
659,58.693,28,7.61,1.91,8,0,0,0,1,0,0,0,1.23,3.23,6.0,28.82242686,13.22961927,48.81006802,9.046181589,1.02,612.0,0,1000,4.0,3.524884611,0,0.5,0.081300813,177.8,1,1.0,7.3
461,0.0,0,0.0,0.0,0,0,0,1,0,0,0,0,0.0,4.30034,0.0,39.13085942,32.40627485,14.86045289,14.86045289,1.07,1118.0,0,600,0.5,1.0,0,0.1,0.8,177.8,1,1.0,6.8
189,58.693,28,7.61,1.91,8,1,0,0,0,0,0,0,5.03,10.75,2.7,63.34883721,21.30232558,10.88372093,4.465116279,0.998882312,775.0,0,900,4.0,3.0,0,1.0,2.0,127.0,1,2.0,8.8
255,58.693,28,7.61,1.91,8,0,0,0,1,0,0,0,1.841854557,5.112734201,2.6,17.39077374,24.68879668,40.45643154,17.46399805,0.985543626,354.0,1,800,3.0,4.837964598,0,0.1,0.606935766,177.8,1,1.598550114,6.8
531,55.845,26,7.83,1.83,6,0,0,1,0,0,0,0,0.36,7.89,3.95,53.3,15.1,23.8,7.7,1.28,469.3659072,0,900,2.0,3.230077741,0,0.1,0.746364288,177.8,1,1.045571552,6.8
87,65.38,30,9.35,1.65,10,0,0,1,0,0,0,0,2.560062091,9.614884273,4.18397,49.18032787,45.89968524,5.670219864,0.0,0.95,495.264182,0,700,1.0,7.31515653,0,0.5,2.0,177.8,1,1.0,7.2
317,55.845,26,7.83,1.83,6,0,0,0,0,1,0,0,1.75,2.8,4.7,61.0,15.0,15.0,8.0,1.0072281,224.0,0,900,1.0,6.254611641,0,0.5,0.8,127.0,1,0.915697024,7.33
650,58.93,27,7.81,1.88,7,0,0,0,0,0,1,0,0.011,4.709943213,3.6,44.74,34.78,12.01,8.47,1.024677865,24.0,1,500,1.0,5.0,1,0.5,0.7,177.8,0,5.0,7.2
200,55.845,26,7.83,1.83,6,1,0,0,0,0,0,0,12.0,10.09200394,12.0,50.96570305,23.1400404,19.88199365,4.65734396,1.027239841,666.3124151,0,1050,1.0,5.149798604,0,0.5,1.0,177.8,1,1.0,7.2
389,63.546,29,7.69,1.9,10,1,0,0,0,0,0,0,1.4,6.394900491,4.0,46.83293657,36.57863706,9.789307407,6.799118962,0.983265349,653.9103078,0,1050,1.0,5.0,0,0.1,2.0,177.8,1,1.0,6.8
204,55.845,26,7.83,1.83,6,0,0,0,1,0,0,0,1.616423984,3.706157115,4.0,29.5,10.0,50.0,10.5,1.046333642,365.9,1,950,0.167,10.0,0,0.1,1.0,127.0,0,1.0,6.8
221,65.38,30,9.35,1.65,10,0,0,0,0,0,1,0,0.1,0.46,4.0,60.86956522,28.26086957,10.86956522,0.0,3.11,1402.4,0,1000,1.0,9.947334019,0,0.5,1.0,177.8,1,1.0,7.2
459,0.0,0,0.0,0.0,0,0,0,1,0,0,0,0,0.0,3.13531,0.0,39.67709732,26.00125665,16.19457087,16.19457087,0.99,726.0,0,600,0.5,1.0,0,0.1,0.8,177.8,1,1.0,6.8
13,58.93,27,7.81,1.88,7,0,1,0,0,0,0,0,8.01,6.526925691,5.0,32.47683242,9.537548777,50.40273921,8.595241404,1.144257351,676.4285953,0,1000,2.0,2.0,0,0.2,0.3,177.8,1,0.910772112,7.0
257,58.693,28,7.61,1.91,8,0,0,0,1,0,0,0,0.931577257,2.473498233,1.7,31.52818991,28.07863501,26.2611276,14.13204748,0.958514627,135.0,1,1000,3.0,4.720051493,0,0.1,0.699085277,177.8,1,0.960103189,6.8
633,55.845,26,7.83,1.83,6,0,0,0,1,0,0,0,0.045597407,6.634422786,4.0,38.0,18.9,31.7,11.4,0.97,624.1757222,1,900,2.0,2.0,0,0.5,2.5,177.8,1,1.0,7.2
594,0.0,0,0.0,0.0,0,0,0,1,0,0,0,0,0.0,8.553881483,0.0,51.8317692,36.44768856,11.72054223,0.0,1.167390528,493.8120933,1,900,1.0,3.0,0,0.1,0.380964268,177.8,0,1.0,6.8
138,58.693,28,7.61,1.91,8,0,0,1,0,0,0,1,36.9,10.10989145,12.0,44.2101021,29.88984417,25.90005373,0.0,0.83,279.0,0,900,1.0,3.0,0,0.5,0.1,177.8,1,0.5,7.2
436,0.0,0,0.0,0.0,0,0,1,0,0,0,0,0,0.0,7.554161916,0.0,44.4,29.8,18.2,7.6,0.89,655.0,1,900,2.0,5.0,0,0.1,1.0,177.8,0,1.067869937,6.8
322,58.693,28,7.61,1.91,8,1,0,0,0,0,0,0,3.882317736,8.665522184,4.1,47.6723306,25.60497416,18.5639422,8.158753039,1.047210139,741.0,1,900,2.0,5.0,1,0.5,1.0,177.8,1,1.0,7.2
544,55.845,26,7.83,1.83,6,0,0,1,0,0,0,0,0.74,20.4,4.2,50.62483,13.84702,30.35359,5.17456,1.28,382.0,0,900,2.0,2.0,0,1.0,1.0,177.8,1,1.0,8.8
147,58.693,28,7.61,1.91,8,1,0,0,0,0,0,0,38.0,16.4,0.64,74.97385849,25.02614151,0.0,0.0,1.02,150.1,0,550,2.0,5.0,0,0.5,1.0,127.0,1,1.0,7.2
301,58.93,27,7.81,1.88,7,1,0,0,0,0,0,0,1.098371712,4.833477856,3.8,49.4,30.0,12.6,8.0,0.975127727,283.0,0,1050,1.0,6.432833635,0,0.1,0.8,177.8,0,0.196,6.7
130,54.938,25,7.4,1.55,5,0,0,1,0,0,0,0,0.049,4.2,5.1,44.1,33.35,22.5,0.0,1.201357647,1192.0,1,900,1.0,3.0,0,0.5,0.5,177.8,1,0.949543043,7.2
264,55.845,26,7.83,1.83,6,1,0,0,0,0,0,0,0.11,8.01,4.0,68.15028581,11.16044176,20.68927243,0.0,1.04,347.2,0,950,2.0,4.269489743,0,0.5,1.0,177.8,1,1.0,7.2
377,0.0,0,0.0,0.0,0,0,0,0,0,1,0,0,0.0,8.67,0.0,9.2,5.9,84.9,0.0,0.74,418.0,0,900,1.060083432,8.830871153,0,0.1,5.0,177.8,1,1.0,6.8
262,55.845,26,7.83,1.83,6,1,0,0,0,0,0,0,2.8,2.77,4.0,41.20558932,0.0,33.82417445,24.97023623,1.317824269,1370.71,0,1000,3.0,5.0,0,0.5,0.4,177.8,1,1.0,7.2
81,63.546,29,7.69,1.9,10,0,0,0,1,0,0,0,1.11,14.6,4.0,45.9,32.9,7.0,3.9,1.8,807.0,0,900,2.0,2.0,0,0.1,0.76,177.8,0,1.288645008,6.8
388,63.546,29,7.69,1.9,10,1,0,0,0,0,0,0,1.4,6.394900491,4.0,46.83293657,36.57863706,9.789307407,6.799118962,0.983265349,653.9103078,0,1050,1.0,5.0,0,0.1,2.0,177.8,1,1.0,6.8
127,58.693,28,7.61,1.91,8,0,0,0,0,0,1,0,0.726565595,11.21732029,4.0,44.60486322,21.23100304,11.84650456,22.31762918,0.923443821,367.0177752,0,800,1.0,10.2755176,0,0.5,0.2,177.8,0,2.0,7.2
486,55.845,26,7.83,1.83,6,1,0,0,0,0,0,0,0.856793146,10.70991432,4.4,52.17496108,27.93663213,16.04675929,3.841647501,1.01,1050.0,1,900,4.0,2.0,0,0.5,4.0,177.8,1,12.5,7.3
483,55.845,26,7.83,1.83,6,1,0,0,0,0,0,0,0.888072271,9.324758842,3.9,54.85955922,25.42427045,16.09110816,3.625062169,0.99,614.0,0,900,4.0,2.0,0,0.1,4.0,177.8,1,12.5,6.8
249,58.693,28,7.61,1.91,8,0,0,0,0,0,1,0,4.43,3.2,3.5,63.22647272,23.95245106,12.82107622,0.0,1.380857087,1564.0,1,650,2.0,10.0,1,0.1,2.0,177.8,1,1.0,13.0
282,55.845,26,7.83,1.83,6,1,0,0,0,0,0,0,1.47,10.15,4.0,70.14778325,15.27093596,11.42857143,3.15270936,0.94,705.0,1,900,4.0,3.0,0,1.0,2.0,127.0,1,2.438486238,8.8
485,0.0,0,0.0,0.0,0,1,0,0,0,0,0,0,0.0,9.471094711,0.0,60.25630676,16.30081848,17.65388496,5.788989797,0.98,732.0,0,900,4.0,2.0,0,0.1,4.0,177.8,1,12.5,6.8
545,55.845,26,7.83,1.83,6,0,0,1,0,0,0,0,0.71,10.6,3.8,40.14181,11.84868,44.99145,3.01806,1.28,279.0,0,900,2.0,2.0,0,1.0,1.0,177.8,1,1.0,8.8
199,55.845,26,7.83,1.83,6,1,0,0,0,0,0,0,3.0,6.076013742,4.0,50.83452392,22.94624743,19.45351874,4.677508444,1.019157322,787.0830979,1,1050,1.0,5.423406683,0,0.5,1.0,177.8,1,1.0,7.2
